motif	estimatedScale	MSE	optimizedScale	optimizedMSE	motifLength	numberOfKmers
ABF1	0.2849230726540749	2.4523583050258697	0.3049230726540749	0.025370762010383144	14.0	198552
ABF2	0.3313653255442076	6.503787401791287	0.3813653255442076	0.017306634269552926	6.0	198552
ABF3	0.32232435199316506	3.7091276737131125	0.36232435199316504	0.005177946998549392	7.0	198552
ABF4	0.3654075695259536	0.37286937467770626	0.3754075695259536	0.013511299802521094	7.0	198552
ABI3	0.334009101506174	2.9342771871040774	0.374009101506174	0.007603434409101709	6.0	198552
ABI5	0.3345288795224628	1.5016925976272695	0.3545288795224628	0.015053272646450948	8.0	198552
ABR1	0.19353657798168397	26.06062416694896	0.293536577981684	0.07561694595816577	12.0	198552
ACE2	0.34439451262395243	12.279199565069137	0.44439451262395246	0.020941822806999532	5.0	198552
ADR1	0.2636592757876726	22.06826802521908	0.3936592757876726	0.041699976182517	6.0	198552
AFT1	0.3186438718404348	0.9097885848331787	0.3386438718404348	0.08045214597770789	10.0	198552
AFT2	0.3415391024206888	3.4423087189740373	0.3815391024206888	0.0022172387575841853	6.0	198552
AG	0.2505231144641399	14.523553482585891	0.3105231144641399	0.08538187162698709	16.0	198552
AGL1	0.2572875061417981	11.60541232237948	0.31728750614179807	0.0781430717000708	16.0	198552
AGL13	0.23087124536143525	15.63420719023307	0.29087124536143527	0.03355787135411595	18.0	198552
AGL15	0.23898845830639437	10.302675316835561	0.28898845830639436	0.0008392204625766044	16.0	198552
AGL16	0.2714953413455658	6.9045506127472525	0.3114953413455658	0.0009465210102508004	15.0	198552
AGL27	0.2529474846598637	12.76497881203064	0.3129474846598637	1.845127950620641e-05	14.0	198552
AGL3	0.2735280930006967	8.4378920584693	0.3235280930006967	0.015809998950029217	10.0	198552
AGL55	0.38407741774211374	0.3032867934341332	0.39407741774211374	0.026425581051015584	6.0	198552
AGL6	0.23232404213557092	14.872193656716053	0.28232404213557094	0.1162262666410716	19.0	198552
AGL63	0.22641409532481677	13.957959844255601	0.28641409532481676	0.023519746385031903	15.0	198552
AIB	0.2363540159382755	3.9254641423532064	0.2663540159382755	0.0027243419086203737	8.0	198552
AIL6	0.2533512054179774	3.695082730564473	0.2733512054179774	0.1547118515486721	15.0	198552
AIL7	0.30860449081455316	4.605923395668794	0.34860449081455314	0.000656000666595906	11.0	198552
ALX3	0.17157961878335268	31.306194530877555	0.38157961878335267	0.0013988147339475915	6.0	198552
ANL2	0.182590987498297	25.420287341224437	0.302590987498297	0.06615705972409139	10.0	198552
ANT	0.24374506744520621	4.4896612234157125	0.2737450674452062	0.04740862460144596	16.0	198552
AP1	0.2327258520169391	14.295221804531232	0.30272585201693913	0.020163275094619786	13.0	198552
AP3	0.25385371596120976	12.824075398392885	0.31385371596120976	0.03388406200473278	13.0	198552
AP4	0.2903001694376539	5.582597839961831	0.3303001694376539	0.0003898187782931643	10.0	198552
AR	0.2989645521942297	4.45801650162697	0.3289645521942297	0.05534861447100216	15.0	198552
ARALYDRAFT_484486	0.26814444348349814	16.078253897049386	0.33814444348349815	0.0058170202190661584	8.0	198552
ARALYDRAFT_493022	0.27343501091094086	9.7524639711496	0.33343501091094085	0.07522385661222512	8.0	198552
ARALYDRAFT_495258	0.26814444348349814	16.078253897049386	0.33814444348349815	0.0058170202190661584	8.0	198552
ARALYDRAFT_496250	0.306376876709665	3.408729939251165	0.346376876709665	0.0068929586202421105	8.0	198552
ARALYDRAFT_897773	0.26952107902332495	8.15215735477623	0.31952107902332494	0.00923309975894848	9.0	198552
ARF1	0.34055718387371886	2.069908025150449	0.37055718387371883	2.3221479092011235e-06	7.0	198552
ARF10	0.2653351126105876	9.960137979670359	0.3153351126105876	0.08380597221310818	11.0	198552
ARF13	0.2213226822075603	10.589844488931268	0.2713226822075603	0.1227414164066297	14.0	198552
ARF14	0.2001701480304288	7.255633169343072	0.2301701480304288	0.004598403429143012	16.0	198552
ARF16	0.328650530140785	0.9111722826050689	0.348650530140785	0.054071060635189724	10.0	198552
ARF18	0.3608920488558473	0.4509010318580958	0.3708920488558473	0.02646047385142306	8.0	198552
ARF2	0.3860926790986216	1.243640933274346	0.4160926790986216	0.01753777469505479	6.0	198552
ARF25	0.2572250321871616	8.166516155178506	0.29722503218716156	0.11229530089926786	12.0	198552
ARF27	0.3752949339885598	0.11003082017247691	0.3852949339885598	0.025826265558503838	8.0	198552
ARF29	0.3427140465431126	0.46472160255847544	0.3527140465431126	0.01617436988471417	8.0	198552
ARF3	0.3451495018635391	1.7575374902786407	0.3651495018635391	0.07157285226894305	8.0	198552
ARF34	0.3564597447628248	0.634917777794928	0.37645974476282484	0.04795640100756272	8.0	198552
ARF35	0.34499820022876754	0.9890271172367062	0.36499820022876756	0.006897858775646316	9.0	198552
ARF36	0.25465446207133474	5.765849691205673	0.2946544620713347	0.11378676999248569	12.0	198552
ARF39	0.28787570505571136	4.996180832575787	0.32787570505571134	0.06223830841744393	11.0	198552
ARF4	0.3588579024962093	0.30230072771208955	0.3688579024962093	0.00017636169510014215	8.0	198552
ARF5	0.35523160249140406	1.7964472631693358	0.3852316024914041	0.0035797300533745003	7.0	198552
ARF7	0.2838580849763036	4.239013051737426	0.3238580849763036	0.058371364807997525	9.0	198552
ARF8	0.38047116561577926	1.6180465806347188	0.41047116561577923	0.0007857660575001538	6.0	198552
ARG80	0.39067885810011393	1.0621497851215425	0.42067885810011396	0.04125767475736873	6.0	198552
ARG81	0.37626935646683835	0.8569148249170349	0.39626935646683836	0.000555317441246716	7.0	198552
ARGFX	0.15644785261686459	29.36699076885945	0.3164478526168646	0.029315849667100796	8.0	198552
ARNT2	0.2795033648104872	4.549129446144198	0.3195033648104872	0.01588894911454815	8.0	198552
ARNT::HIF1A	0.4119139807934169	5.4673878679837955	0.4819139807934169	0.001735365070823086	5.0	198552
ARO80	0.3111014115261298	4.577202368107165	0.3511014115261298	0.025012391275395215	8.0	198552
ARR1	0.29995346002962603	11.67755616530714	0.37995346002962604	0.0010362188756920555	8.0	198552
ARR10	0.3710881577944279	1.1178804517501135	0.3910881577944279	0.024729333312866836	7.0	198552
ARR11	0.34834816929121426	0.7835929464258833	0.3683481692912143	0.031060217324532593	8.0	198552
ARR14	0.35166819251912024	0.3007125341332068	0.36166819251912025	0.00030654630902150764	8.0	198552
ARR18	0.39232707311713855	1.4231404981674804	0.4223270731171386	0.005156152913054573	7.0	198552
ARR2	0.34072933730308547	2.322887425832707	0.37072933730308544	0.001130247023074729	8.0	198552
AS2	0.1803279134995555	23.21295912682461	0.2503279134995555	0.049776924650395134	18.0	198552
ASCL1	0.282721798616994	8.53195199541717	0.33272179861699397	0.06031274900115825	9.0	198552
ASG1	0.34014635972096424	1.905399499463509	0.3701463597209642	5.435549358508189e-05	6.0	198552
ASH1	0.2749286911790307	5.14982639300608	0.31492869117903066	0.01678282117453891	10.0	198552
ASIL2	0.2488758138965946	12.72489433915595	0.3188758138965946	0.0037433811183990797	9.0	198552
ASR1	0.2643970454935147	5.820546045553148	0.3043970454935147	0.00878793012317816	9.0	198552
ASR3	0.32070087946452486	4.506589362117866	0.36070087946452484	0.0030058974596202962	9.0	198552
AT1G14600	0.22811981023070746	25.30761325909524	0.38811981023070746	0.00022754035610606725	8.0	198552
AT1G19000	0.3041817588360161	4.057401481623391	0.3341817588360161	0.08045487457799783	13.0	198552
AT1G19040	0.2589094607038325	2.5414247316055065	0.2789094607038325	0.00926853570003834	16.0	198552
AT1G72740	0.31213618049837766	1.2443897334835274	0.3321361804983777	0.009474419183460562	11.0	198552
AT1G74840	0.34574533178893935	2.1866195907214174	0.3757453317889393	0.003247263530225472	9.0	198552
AT1G76870	0.36057030628671083	0.93541075074782	0.38057030628671085	1.4026904467898148e-07	8.0	198552
AT2G38090	0.2908634892172998	10.021112617916142	0.3508634892172998	0.00010978623195280761	13.0	198552
AT2G38300	0.3354313259407547	4.862273244069791	0.3854313259407547	0.03581563785949014	10.0	198552
AT2G40260	0.33244257057758736	5.134791908590215	0.38244257057758735	0.010351522094629124	10.0	198552
AT3G10030	0.35399820091999545	0.6553201927385173	0.37399820091999547	0.06859043174022117	8.0	198552
AT3G10580	0.25886131733707224	18.743738098184586	0.34886131733707226	0.028622411745797972	14.0	198552
AT3G46070	0.4063087428741143	1.1216233335653913	0.4263087428741143	0.04386913093804285	7.0	198552
AT4G09450	0.4151973550746857	0.5879244061908019	0.4351973550746857	8.04830487909016e-06	6.0	198552
AT4G12670	0.1766721338197166	10.537780639383033	0.2066721338197166	0.05700798721702779	29.0	198552
AT5G04390	0.4281934754216782	0.3189850985833798	0.4481934754216782	0.021137872871703597	5.0	198552
AT5G04760	0.41351975173422845	0.08941240201671012	0.42351975173422846	0.01672016903763843	7.0	198552
AT5G05090	0.3644495867119382	2.7903647091111665	0.4044495867119382	0.0007960170530811272	7.0	198552
AT5G05550	0.223468385496876	16.568464028082314	0.28346838549687603	0.09963571278831745	11.0	198552
AT5G05790	0.285976679525037	9.081873344305095	0.335976679525037	0.010240166477419058	14.0	198552
AT5G47660	0.3928081682827331	0.7818611714773253	0.4128081682827331	5.740916072593962e-05	7.0	198552
AT5G56840	0.296517953175364	6.768116841785096	0.346517953175364	0.04705337502029541	14.0	198552
AT5G61620	0.29582744570705444	7.917443011495824	0.3458274457070544	2.6120466111796086e-05	14.0	198552
ATF2	0.2859292549254379	1.466723900754819	0.30592925492543793	0.01019808304428707	10.0	198552
ATF3	0.2461966770015141	3.61885116277103	0.27619667700151407	0.11872529390001559	10.0	198552
ATF4	0.325318271062166	1.1550940199918311	0.345318271062166	0.010606705534009445	10.0	198552
ATF6	0.27177282813407916	0.6780749445866459	0.28177282813407917	0.007672015531144457	13.0	198552
ATF7	0.2552956256586167	2.675881132184518	0.2752956256586167	0.013651887343297597	10.0	198552
ATHB-12	0.2790407557843396	13.813173581558734	0.35904075578433964	0.0001222782232558829	8.0	198552
ATHB-13	0.19407890206659031	27.884490893006685	0.3440789020665903	0.03576562044098932	8.0	198552
ATHB-15	0.1949170470103907	23.583690009757138	0.28491704701039067	0.031116869958751275	13.0	198552
ATHB-16	0.2512400568432219	18.04729189957955	0.3412400568432219	0.027901882498900046	8.0	198552
ATHB-20	0.13018923952219721	33.89675734262772	0.32018923952219724	0.007369801010598122	8.0	198552
ATHB-21	0.1996566129752333	24.0284560178759	0.3096566129752333	0.028138664948372236	12.0	198552
ATHB-4	0.21656639580070053	20.32427162288045	0.31656639580070056	0.0019384297597706312	9.0	198552
ATHB-40	0.17979417062505568	29.50005786491829	0.30979417062505565	0.0762549145820197	11.0	198552
ATHB-5	0.2608402627592749	15.002082841424972	0.35084026275927493	0.0011334109891912875	8.0	198552
ATHB-51	0.20515197211401853	24.649677620468466	0.3151519721140185	0.015435466790429378	8.0	198552
ATHB-53	0.1549730208458712	31.24332350280748	0.3149730208458712	0.06516928677672269	9.0	198552
ATHB-6	0.20512025001455558	27.14296232118852	0.3751202500145556	0.0019183450108313101	7.0	198552
ATHB-7	0.25282596915206806	15.837159031393444	0.3328259691520681	0.034695841280134705	11.0	198552
ATHB-9	0.25059875092505196	0.9700894288112396	0.26059875092505197	0.009883915540683498	15.0	198552
ATHB-X	0.20329627998318184	24.536647187664915	0.32329627998318183	0.07722166363139917	9.0	198552
ATMYB31	0.2660694126184862	9.160546426877541	0.3160694126184862	0.0003821704447397741	15.0	198552
ATOH1	0.2929554065826443	1.3677974784882887	0.3129554065826443	0.005157045015316794	10.0	198552
ATOH7	0.2846689890596369	5.485001065817098	0.32466898905963687	0.0024778093559273424	10.0	198552
AZF1	0.3501489263236508	4.048362630979815	0.3901489263236508	0.031050290033746108	9.0	198552
AZF2	0.41261438998345173	4.259175637952142	0.48261438998345174	0.00041456507730923696	4.0	198552
Abd-B	0.20170599786842813	30.17368849043013	0.3717059978684282	0.013395948861497533	7.0	198552
Aef1	0.3384277922793462	0.7487165809845532	0.35842779227934624	0.027728712363363155	8.0	198552
Ahr::Arnt	0.41921355988770787	0.7341487754111992	0.4392135598877079	0.02310834760043926	5.0	198552
Alx4	0.1722128490093579	17.286228289020876	0.2322128490093579	0.10656597771902526	12.0	198552
Antp	0.28564093734324714	8.468317831373612	0.34564093734324713	0.03645592813393825	7.0	198552
Ar	0.2201971670993194	8.064216135145177	0.2501971670993194	0.11298233735650957	16.0	198552
Arid5a	0.15829477047803023	28.56949262528718	0.32829477047803024	0.044096766053689465	8.0	198552
Arnt	0.3499793845309295	0.5367234767029819	0.36997938453092954	0.03087948019349688	6.0	198552
Arntl	0.30312825799051163	4.144270869916894	0.3431282579905116	0.002379752939242895	8.0	198552
Arx	0.1540449974341704	26.996844062169263	0.2640449974341704	0.06430466037257473	10.0	198552
Ascl2	0.2893560156883274	5.362458508993543	0.3293560156883274	0.0003698479864134332	10.0	198552
At3g11280	0.29135738718237747	7.980390681335713	0.34135738718237746	0.027257968420852728	14.0	198552
Atbf	0.1479539759963437	30.859626394502627	0.3679539759963437	0.0019697897060252756	6.0	198552
Atf-2	0.2759409373567938	0.6499645073615226	0.2859409373567938	0.0068207944311909205	11.0	198552
Atf1	0.3510889414843268	0.6601704868311937	0.3710889414843268	0.0656846192763938	8.0	198552
Atf3	0.21969673024468414	7.740889381199036	0.25969673024468415	0.006878981506406015	10.0	198552
Atf6	0.28116987316001174	0.7498172539375101	0.29116987316001175	0.026905406378875084	13.0	198552
Atoh1	0.36788650799739797	0.2932115543575925	0.377886507997398	0.002115011716075121	7.0	198552
Atoh7	0.3622680339626338	2.425704994277306	0.39226803396263377	0.04877362882677306	7.0	198552
Awh	0.3139069102407259	8.45356929042882	0.3739069102407259	0.013779438610656456	7.0	198552
B-H1	0.26733040298001554	17.15939995072371	0.3573304029800155	0.024817176048705657	7.0	198552
B-H2	0.36822257247565193	2.3746461654958937	0.4082225724756519	0.026422037623104265	7.0	198552
BACH1	0.319008860997679	1.7609695826899845	0.339008860997679	0.029427022696995153	9.0	198552
BACH2	0.23319441089280324	2.821830486759801	0.25319441089280326	0.011250305987653322	19.0	198552
BAD1	0.09746088078615028	30.504982785134214	0.2374608807861503	0.0008458684931091592	12.0	198552
BAM8	0.2564370878144245	4.864361609420608	0.28643708781442445	0.04886955698006843	9.0	198552
BARHL1	0.3632895725901253	2.9004990393606755	0.40328957259012527	1.8993101424421437e-06	6.0	198552
BARHL2	0.26467316194075663	17.677496362585337	0.3746731619407566	0.02910793819924358	6.0	198552
BARX1	0.29170598514917856	14.468042724399059	0.38170598514917853	0.047174328152286386	6.0	198552
BARX2	0.21050846172885132	26.62055633789433	0.3405084617288513	0.03971229110137287	9.0	198552
BAS1	0.2854780444487894	0.8867871405272412	0.2954780444487894	0.04486954824575321	12.0	198552
BATF	0.31285549479427793	2.481760079015628	0.3428554947942779	0.0005510737887904492	7.0	198552
BATF3	0.324718884870956	2.1454844214013606	0.35471888487095604	0.0006169753638671946	7.0	198552
BATF::JUN	0.3150316088635334	1.9039433685819946	0.34503160886353335	0.0324927565753805	7.0	198552
BCL11A	0.38274017637403945	0.1599427045987315	0.39274017637403946	0.0029214683026237004	7.0	198552
BCL6	0.2856411256410789	1.1922828983066005	0.3056411256410789	0.12717046729526163	13.0	198552
BCL6B	0.23579293063652815	1.0764311359913463	0.24579293063652816	0.0023080041390454082	17.0	198552
BEAF-32	0.2833181673296132	1.8724186238197047	0.3033181673296132	0.026293630132031832	8.0	198552
BEE2	0.23596389862272835	5.676374332420874	0.27596389862272835	0.005759860202987417	6.0	198552
BEH2	0.2565614274562768	5.056474393176224	0.2865614274562768	0.08677355279721696	10.0	198552
BEH3	0.2665315792119065	4.47915162671782	0.29653157921190654	0.007107440401456588	10.0	198552
BEH4	0.2594228196699095	5.719299004497512	0.29942281966990947	0.08413023494167156	10.0	198552
BHLH112	0.3460617932966131	0.002153809177617966	0.3460617932966131	0.002153809177617966	7.0	198552
BHLH122	0.36073294166250863	1.0770388806495141	0.38073294166250865	0.004363782653933779	7.0	198552
BHLH13	0.2866166798841923	2.526881969486657	0.3166166798841923	0.014507995746637796	8.0	198552
BHLH3	0.2627995833390295	4.741585182438706	0.29279958333902945	0.09676852072008743	8.0	198552
BHLH34	0.3109236855154536	1.939063234734215	0.3409236855154536	0.035326862093503296	8.0	198552
BHLH49	0.28971266256892364	1.8476357099993665	0.30971266256892366	0.06088432715938157	7.0	198552
BHLH74	0.23169320959741732	9.037113603831568	0.27169320959741733	0.10313021521862474	14.0	198552
BHLHA15	0.2665001831761112	4.108906007696973	0.29650018317611115	0.02739360638219357	10.0	198552
BHLHE22	0.2880845799264752	2.3432781508510763	0.3180845799264752	0.010553449902431405	6.0	198552
BHLHE23	0.2728817492360147	3.301349741578478	0.30288174923601474	0.008965355532666325	10.0	198552
BHLHE40	0.2815523909791331	3.417435197153448	0.3115523909791331	0.028392292766884136	8.0	198552
BHLHE41	0.25405921576818014	4.025201110476518	0.28405921576818016	0.01247124570511922	10.0	198552
BIM1	0.2833752637009324	2.8338323773757934	0.3133752637009324	0.021654104797187847	8.0	198552
BIM2	0.2712494865931212	4.775299568450631	0.3112494865931212	0.01011072357896155	6.0	198552
BIM3	0.253536022565096	2.519334151396311	0.273536022565096	0.1048329208602333	6.0	198552
BMY2	0.2571429628816978	5.823459945591413	0.2971429628816978	0.03548924632440756	11.0	198552
BNC2	0.32604445201621535	2.1705821061175445	0.3560444520162154	0.013858960462959058	7.0	198552
BPC1	0.15296742136308125	21.848478869055775	0.20296742136308127	0.07793095375297104	24.0	198552
BPC6	0.1913587134014479	13.974169808731562	0.2313587134014479	0.15696293012985116	21.0	198552
BPE	0.309535427473478	2.7378385660407414	0.339535427473478	0.0354418768761644	6.0	198552
BRN2	0.2581229659696082	6.9554388407437315	0.2981229659696082	0.04385283234867032	16.0	198552
BSX	0.2728328931366101	19.8297556704421	0.3928328931366101	0.038377192374330966	6.0	198552
BZIP11	0.27911584128145095	1.666045946658997	0.29911584128145097	0.016176018944103136	13.0	198552
BZIP16	0.30198710534454587	1.725182133497763	0.3219871053445459	0.0015540130101986598	10.0	198552
BZIP18	0.3166629673257851	1.1555897944697984	0.3366629673257851	0.02493267976238106	10.0	198552
BZIP2	0.2876727890797756	1.009229045729956	0.2976727890797756	0.08176236763830114	13.0	198552
BZIP28	0.3025076350846523	0.5355034421843257	0.3125076350846523	0.0103212621549313	10.0	198552
BZIP3	0.29296823009923667	1.437941946269129	0.3129682300992367	0.03136973302541394	13.0	198552
BZIP30	0.33659158037242703	1.8983168372229973	0.366591580372427	0.05016703127891258	9.0	198552
BZIP42	0.293691281022497	0.2248530922281608	0.303691281022497	0.0720041959581733	12.0	198552
BZIP43	0.29475488551117635	0.22185330541269027	0.30475488551117635	0.050766570419485076	12.0	198552
BZIP44	0.28623245571247263	0.40768647922588913	0.29623245571247264	0.005886795242786562	13.0	198552
BZIP48	0.2955240110257579	0.35545890972945615	0.30552401102575794	0.010333917576285222	12.0	198552
BZIP52	0.3570678396863883	0.4367050078269958	0.3670678396863883	0.0242494472609501	8.0	198552
BZIP53	0.2780871174872426	1.4071394666937078	0.2980871174872426	0.05120144705334742	13.0	198552
BZIP60	0.24274316368692475	4.697712243415925	0.27274316368692475	0.007394057361918275	8.0	198552
BZIP63	0.3285543051253569	4.234105373047169	0.36855430512535686	0.012581978315174916	8.0	198552
BZIP68	0.30968795754628553	0.6971220637222952	0.31968795754628554	0.056304827781018085	10.0	198552
BZIP69	0.28716316222711463	2.645466122820744	0.30716316222711465	0.10606605164384651	11.0	198552
BZR1	0.26042945177294047	5.78932309130002	0.30042945177294045	0.00323212291880081	10.0	198552
BZR2	0.27965545033407213	4.154592874791382	0.30965545033407216	0.055929186862323704	10.0	198552
Bach1::Mafk	0.2867560217947367	2.8731137710351895	0.3167560217947367	0.06108042045478982	12.0	198552
Barhl1	0.18694213248241456	28.476735693987752	0.33694213248241456	0.03334232133196936	10.0	198552
Bcl11B	0.35012688237928974	1.1824213262973238	0.37012688237928976	0.0042837829373595475	9.0	198552
Bcl6	0.22996877844117714	13.044288227662403	0.28996877844117713	0.01961088657787728	12.0	198552
Bgb::run	0.3232023682958276	1.1450887223615582	0.3432023682958276	0.0003714742506033882	9.0	198552
Bhlha15	0.28670797949000554	5.025080921224448	0.3267079794900055	0.012425627074370081	8.0	198552
Bhlhe40	0.29345396881240443	2.9941732469402385	0.3234539688124044	0.02007309234555698	11.0	198552
Blimp-1	0.3044431081768298	3.370622638656093	0.33444310817682976	0.023635131257695206	10.0	198552
Brachyury	0.3525919174940811	0.7000894659957035	0.3725919174940811	0.030281107747191064	8.0	198552
Bsx	0.27446370229482436	16.84932589997191	0.3744637022948244	2.2765108566582143e-05	6.0	198552
BtbVII	0.3029858638964459	10.547419062316674	0.3729858638964459	0.005546531282461242	7.0	198552
Bteb2	0.2515576772154891	7.644230491851184	0.2915576772154891	0.029061712585601987	13.0	198552
C15	0.29412402770150486	10.923777110079007	0.36412402770150487	0.04961575345004196	7.0	198552
CAD1	0.2798884553706165	9.05396988981836	0.3298884553706165	0.03812808768149765	11.0	198552
CAMTA1	0.2889043421683476	5.088259716785309	0.3289043421683476	0.007226161981092837	9.0	198552
CAMTA2	0.3396514760502363	2.018344768711231	0.3696514760502363	0.0013905074158628706	6.0	198552
CAMTA3	0.3552854165721238	0.8466730223220242	0.37528541657212383	0.00040431696141279345	6.0	198552
CAMTA5	0.2378397735196176	6.593602255461959	0.26783977351961763	0.0979238970985246	16.0	198552
CAT8	0.23104257472409917	20.973726849066033	0.3610425747240992	0.024821035343464835	5.0	198552
CBF1	0.27410721598943116	4.704630764486555	0.30410721598943113	0.06177495978835998	10.0	198552
CCA1	0.30251687347381806	6.9865369791691965	0.35251687347381805	0.04353464684001896	8.0	198552
CDC5	0.29223544548158814	2.193957494142118	0.31223544548158816	0.056542426124738795	9.0	198552
CDF2	0.3702452334276395	3.2736111313624883	0.41024523342763947	0.03672694522466902	7.0	198552
CDF3	0.366252517330328	1.4302923053846095	0.39625251733032796	0.03921347244118547	8.0	198552
CDF5	0.24907103371790149	19.03391514145804	0.3290710337179015	0.013685410807495997	21.0	198552
CDX1	0.24286389260785252	18.190016643394088	0.33286389260785254	0.005869571653628524	10.0	198552
CDX2	0.28163930923278635	13.913388350474165	0.36163930923278637	0.0014860699743416337	8.0	198552
CDX4	0.2880418630893946	10.326428027634307	0.3580418630893946	0.018033298163068225	9.0	198552
CEBPA	0.29143353058445143	5.143666848401269	0.3314335305844514	0.007142400236889024	10.0	198552
CEBPB	0.23857645669055547	4.052459705770315	0.26857645669055547	0.029423194077923067	10.0	198552
CEBPD	0.3284553835411508	2.681900342763813	0.3584553835411508	0.008871896208631774	8.0	198552
CEBPE	0.22602852002141918	6.067602709964122	0.2560285200214192	0.03259715021757451	10.0	198552
CEBPG	0.3119637523844759	2.7164533624100313	0.34196375238447585	0.005827584772346346	10.0	198552
CEP3	0.3559671393422108	0.5061754008689621	0.3759671393422108	0.04463166509787009	7.0	198552
CG11085	0.25073403122092974	19.732710019403576	0.36073403122092973	0.05086913283370578	7.0	198552
CG11617	0.35345129361617506	6.521629335396687	0.41345129361617505	0.047086458384840664	7.0	198552
CG12605	0.33758305938704863	0.931496172880673	0.35758305938704865	0.008606398734946522	9.0	198552
CG15696	0.27866902491988943	14.74673380928838	0.3786690249198894	0.01945440895760956	7.0	198552
CG18599	0.266185494279233	14.969931368068691	0.346185494279233	0.008955824878094015	7.0	198552
CG3065	0.2285670135610735	13.747833663406201	0.2885670135610735	0.028018012551174986	11.0	198552
CG32105	0.2875424758776728	11.01564573648656	0.3575424758776728	0.003088469084432647	7.0	198552
CG32532	0.2474240097262248	19.008205532563537	0.3574240097262248	0.05111331575297462	7.0	198552
CG34031	0.27151193494509074	15.434238475503435	0.3615119349450907	0.017226402854046974	7.0	198552
CG4328	0.30025416035272945	12.59660330176568	0.38025416035272946	0.029950468565661865	7.0	198552
CG4360	0.28484256876626285	0.48148734603424304	0.29484256876626286	0.0003214089791278694	13.0	198552
CG4854	0.33927881863297843	1.187288595797174	0.35927881863297845	0.0019651889425429648	8.0	198552
CG7928	0.23912766624265824	12.879557358056745	0.29912766624265824	0.0001787889471183961	12.0	198552
CG8319	0.2750356160165507	4.572489310676383	0.3050356160165507	0.044707808654326484	10.0	198552
CG9876	0.2634924663070687	17.572119701157913	0.37349246630706867	0.02522874189516562	6.0	198552
CHA4	0.22110911072584574	26.89488270840011	0.3511091107258457	0.05621018569435641	8.0	198552
CHES-1-like	0.2940225832478654	8.618948712362899	0.3540225832478654	0.03935548874604477	10.0	198552
CIN5	0.20740890112055016	23.802061674664262	0.3074089011205502	0.06896473829414453	10.0	198552
CLOCK	0.28409326166536836	2.5906242652726106	0.31409326166536833	0.003818669714852745	7.0	198552
CREB1	0.33567641614412314	0.9930859873679554	0.35567641614412315	0.01066032654180266	8.0	198552
CREB3	0.28540226141143776	1.7127040091454913	0.3054022614114378	0.004084617890696092	12.0	198552
CREB3L1	0.28364322012885324	1.8607372652098126	0.30364322012885325	0.001244560330829466	13.0	198552
CREB3L4	0.2344481452494439	3.2093717419730523	0.2544481452494439	0.12570209995077414	9.0	198552
CREM	0.23393921080030283	4.257158114234402	0.2639392108003028	0.08491288601116857	10.0	198552
CRF2	0.17978437367718406	27.272935770742944	0.30978437367718403	0.06083986132259639	8.0	198552
CRF3	0.27050198381677737	13.926474431860493	0.37050198381677735	0.007154399617499413	4.0	198552
CRF4	0.20419283708925653	21.071543476078258	0.2841928370892565	0.061517616158302584	10.0	198552
CRZ1	0.29643011497514765	15.39843508800066	0.40643011497514764	0.00011300631736655791	6.0	198552
CST6	0.37586185584673854	0.7774406805479028	0.39586185584673855	3.733800465305043e-05	6.0	198552
CTCF	0.3036446050815365	2.1859059504228173	0.32364460508153653	0.08320347339081041	10.0	198552
CTCFL	0.285265651743141	8.062660199369292	0.345265651743141	0.03293810107021334	8.0	198552
CUP2	0.29370616145850037	2.513851646157173	0.3237061614585004	0.08297605941285834	11.0	198552
CUP9	0.3558701592349485	0.9600422414478843	0.37587015923494854	0.003338846889349487	9.0	198552
CUX1	0.2674892058452726	5.120871743221091	0.30748920584527256	0.007734901227762535	9.0	198552
CUX2	0.27923037894916125	6.14519905792495	0.31923037894916123	0.048048697630742654	9.0	198552
Cdx	0.25486465258773044	19.176327997786487	0.3548646525877305	0.006652538850128934	8.0	198552
Cebpa	0.26496268689159425	14.561779527614595	0.34496268689159426	0.017927834698093854	12.0	198552
Cebpg	0.3980078536583902	0.6698240763161125	0.4180078536583902	0.00038423565741958586	6.0	198552
Cf2	0.23387747472904152	11.503378319929507	0.2938774747290415	0.001360171725135082	9.0	198552
Clamp	0.215800845601885	9.679932490909254	0.255800845601885	0.0077796917101157	14.0	198552
Creb1	0.24770474313211097	3.239506196063821	0.26770474313211096	0.09966169529297457	10.0	198552
Creb3l2	0.2930793703140953	2.274383490298522	0.3230793703140953	0.06093460117067675	9.0	198552
Creb5	0.25496302325520737	3.4257564508069116	0.2849630232552074	0.07495398405980902	10.0	198552
CrebA	0.2403089396228984	4.347864950087919	0.27030893962289837	0.03614111544118787	12.0	198552
CrebB	0.2659413388071711	2.5224741163392506	0.2859413388071711	0.06660420815673952	10.0	198552
Crem	0.32946824212239645	3.034963014190943	0.3594682421223965	0.0014251440156674352	9.0	198552
Crg-1	0.20280827987345626	27.006324922182554	0.3328082798734563	0.089945477096677	11.0	198552
Crx	0.396467505017663	0.4570157135245444	0.416467505017663	0.03930207838882517	6.0	198552
D	0.259731043026063	14.962930516801782	0.339731043026063	0.004641172894564993	11.0	198552
D19B	0.30722166181819727	0.5121078097511342	0.3172216618181973	0.0019549169238032506	12.0	198552
DAL80	0.3725648879979436	1.1283368798918068	0.3925648879979436	0.02703272647175587	7.0	198552
DAL81	0.18528613946117486	2.8194488626216963	0.19528613946117487	0.30885823113796657	19.0	198552
DAL82	0.2704438075505366	11.880700200641026	0.3404438075505366	0.05487514355487505	9.0	198552
DBP	0.2065649920987166	13.72010774117873	0.2665649920987166	0.04970251925968147	10.0	198552
DEAR3	0.26319646930756124	15.31797715834367	0.34319646930756126	0.02949684459183855	7.0	198552
DF1	0.36432260441331565	2.6293170948642217	0.3943226044133157	0.05443210126512334	8.0	198552
DIV1	0.3095416901124326	7.60585012744908	0.3595416901124326	0.06625114101767993	11.0	198552
DLX1	0.31702449365457064	8.90286100652211	0.38702449365457064	0.0003493144247819807	6.0	198552
DLX5	0.22403785932244769	24.937906548107737	0.3540378593224477	0.0017120458176474408	7.0	198552
DLX6	0.2153193998468703	26.528190429362642	0.40531939984687027	0.0038842413704784245	6.0	198552
DMRT3	0.40395511138697787	0.019914025199503565	0.40395511138697787	0.019914025199503565	7.0	198552
DMRTA1	0.3474776740923002	1.4979543460415743	0.3674776740923002	0.04016765261150672	10.0	198552
DMRTA2	0.39320951432954276	0.5487499103214298	0.4132095143295428	0.00981204860721437	6.0	198552
DMRTC2	0.35073369372634783	1.9648999093175141	0.3807336937263478	0.02903972520023601	11.0	198552
DOF1.5	0.28282073264510693	12.388455125438897	0.34282073264510693	0.073264074840858	16.0	198552
DOF1.6	0.34900982464165253	3.3666970787687163	0.3890098246416525	0.0014171540755771302	8.0	198552
DOF1.7	0.31869075560028665	7.84932634154186	0.37869075560028664	0.018749633137797414	11.0	198552
DOF1.8	0.4718876815271841	0.5883945992027655	0.5018876815271841	0.012576499436900394	4.0	198552
DOF2.2	0.38104821981883885	3.2334622305472887	0.43104821981883884	0.027089751932752353	6.0	198552
DOF2.4	0.4453284984944748	3.66414172954585	0.5153284984944748	0.0022830655437887444	4.0	198552
DOF2.5	0.33242167611650314	4.446324403004754	0.38242167611650313	0.0452738091088514	8.0	198552
DOF3.1	0.4616586476027826	0.6365339206160197	0.49165864760278255	0.004959861374968765	4.0	198552
DOF3.2	0.28260388928789665	13.412692684112763	0.35260388928789665	0.05035232336669288	16.0	198552
DOF3.4	0.2728726574444779	14.845136302613325	0.3428726574444779	0.00038528551924502124	17.0	198552
DOF3.5	0.3662426006964154	1.9753222310448324	0.39624260069641537	0.004531608257081198	7.0	198552
DOF3.6	0.16732149341873442	27.33524892457599	0.26732149341873446	0.16159418386891714	21.0	198552
DOF4.2	0.3046191556793907	8.067117542396021	0.3646191556793907	0.0232354098855745	11.0	198552
DOF4.3	0.24808517333082977	8.159833002274098	0.2880851733308298	0.10062466304174747	13.0	198552
DOF4.5	0.31205440122568695	9.120069706901878	0.37205440122568695	0.045992151526761345	13.0	198552
DOF4.7	0.34179704464341243	5.2407006721952705	0.3917970446434124	0.0006272632122109986	9.0	198552
DOF5.1	0.24030077861500557	18.74754735603928	0.32030077861500555	0.002487577199965376	19.0	198552
DOF5.3	0.4499323689162883	2.8971049438797345	0.5099323689162882	0.00021618637272167204	4.0	198552
DOF5.4	0.3756190893117189	2.871440415041421	0.41561908931171887	0.0011800811471886523	7.0	198552
DOF5.6	0.45332236650009766	1.0646106724449056	0.49332236650009764	0.019379780174916244	4.0	198552
DOF5.7	0.29368277545290855	10.657966705666874	0.3836827754529085	0.019919702214169235	5.0	198552
DOF5.8	0.2519539081090181	16.274194150743995	0.3319539081090181	0.04018570924109982	19.0	198552
DOT6	0.3239504665048327	1.2187715268066104	0.34395046650483274	0.004985267079221436	10.0	198552
DPBF3	0.28012396007343393	2.3314799098140506	0.30012396007343395	0.06826840018770965	11.0	198552
DPRX	0.26178156986335943	12.738504569135172	0.33178156986335944	0.0015939613878064405	9.0	198552
DREB1A	0.29844882127159417	8.383122012404856	0.35844882127159416	0.0010352106802301168	8.0	198552
DREB1B	0.30822873600843503	3.05874348636181	0.33822873600843506	0.03338529295143701	8.0	198552
DREB1C	0.31926235119382607	1.7965513100274446	0.3492623511938261	0.07582544428797554	8.0	198552
DREB1D	0.31614081999145605	2.6527910696466352	0.3461408199914561	0.0006271079082558139	8.0	198552
DREB1E	0.31525393546918007	0.6992871775883337	0.3252539354691801	0.05732856193962973	8.0	198552
DREB1F	0.33149654895221126	5.179933510170159	0.38149654895221125	0.0006814366764488336	6.0	198552
DREB1G	0.2747269903237433	10.048053073542134	0.3447269903237433	0.06732125313952782	8.0	198552
DREB2A	0.2904340879649338	8.556247778163096	0.3404340879649338	0.028178504203555443	9.0	198552
DREB2C	0.29016203697517007	6.7976448854394205	0.34016203697517006	0.016288258391057953	8.0	198552
DREB2D	0.20343060730355417	21.688202729482057	0.2834306073035542	0.0994023193533478	14.0	198552
DREB2E	0.2960793597422792	4.813444575666928	0.3360793597422792	0.03798142066267355	10.0	198552
DREB2F	0.20958401512196806	17.946990466599043	0.27958401512196807	0.022556013350636745	11.0	198552
DREB2G	0.2208184332674997	16.607494405715308	0.2908184332674997	0.03289313536850519	14.0	198552
DRGX	0.2480849503854327	15.592000391815125	0.33808495038543274	0.003686075180594475	6.0	198552
DUX4	0.2828840789711011	5.370983834568906	0.3228840789711011	0.014720155012069233	11.0	198552
DUXA	0.0848002550432074	30.61625027525654	0.2348002550432074	0.013475210192666892	13.0	198552
DVH24_040989	0.3987356124006134	0.878784550070998	0.4187356124006134	0.01807650987649802	6.0	198552
DYT1	0.2719394108920293	1.0588412893200687	0.2819394108920293	0.06487133440341787	14.0	198552
Dbx	0.29779269368006134	13.119461305925642	0.3877926936800613	0.04005747980930303	7.0	198552
Ddit3::Cebpa	0.3024934898067666	1.68080393296385	0.3224934898067666	0.012321083001188162	10.0	198552
Deaf1	0.40914479569511786	0.39023356162052425	0.4291447956951179	0.0010538204548449933	5.0	198552
Dfd	0.25199780463399263	16.22922559842157	0.35199780463399266	0.023154328003154253	7.0	198552
Dif	0.21707407110238597	8.917390015144594	0.25707407110238595	0.1106503967936857	10.0	198552
Dll	0.2058288612959703	28.077900510655514	0.3758288612959703	0.011338481903526128	7.0	198552
Dlx-b	0.1700722085878588	30.705494197864812	0.3300722085878588	0.0030943979036432406	6.0	198552
Dlx1	0.17234578163675462	29.047536190306854	0.33234578163675466	0.0005840917668179205	10.0	198552
Dlx2	0.2977631392759793	6.959072927119911	0.3477631392759793	0.0018188443015304788	8.0	198552
Dlx3	0.2155430201230493	25.971711094086196	0.3955430201230493	0.046359693502182095	6.0	198552
Dlx4	0.21115249354835264	29.154339567637475	0.40115249354835264	0.04255892305701012	6.0	198552
Dlx5	0.2925616846767953	8.664693918106462	0.3525616846767953	0.025316524552763595	8.0	198552
Dmbx1	0.3289710265313875	2.9000787682586453	0.35897102653138746	0.0162024172240848	10.0	198552
Dmrt1	0.3115600762296566	7.183876526675176	0.3615600762296566	0.018940660517454702	9.0	198552
Doc2	0.3009731828518243	11.447138491397979	0.3809731828518243	0.006589498336175425	8.0	198552
Dof2	0.41433984845892186	5.961309713720152	0.49433984845892187	0.00098232442803667	5.0	198552
Dof3	0.3947999940679555	5.235947244658351	0.4647999940679555	0.0300394294452994	6.0	198552
Dr	0.27578051880581883	7.327049288665833	0.33578051880581883	0.019828365045487163	7.0	198552
Dref	0.31360554259773393	1.9098966897566325	0.33360554259773395	0.0665278335843179	8.0	198552
Dux	0.21474527385785228	17.27410962005372	0.2847452738578523	0.00818431527696127	11.0	198552
E2F1	0.17956778091069978	23.67202758424093	0.25956778091069976	0.12067829092622961	12.0	198552
E2F2	0.19031968611602595	21.948202770146505	0.27031968611602597	4.081857360948268e-05	13.0	198552
E2F3	0.20455304430697946	7.687136426279753	0.23455304430697946	0.03620751106791465	14.0	198552
E2F4	0.19238427693023855	18.526739160735	0.25238427693023857	0.0005027157000970897	13.0	198552
E2F6	0.2671052236381821	11.724866944507218	0.3371052236381821	0.03961777861174017	8.0	198552
E2F7	0.2577699162527388	1.1479224848781195	0.2677699162527388	0.07467260458971446	14.0	198552
E2F8	0.241434542449569	17.29946780960582	0.331434542449569	0.0054380367369611495	9.0	198552
E2FA	0.3195642587566253	3.22994621569598	0.3595642587566253	0.010622877999836924	6.0	198552
E2FC	0.27502429143950935	0.7231336750153154	0.28502429143950936	0.008965870834613511	15.0	198552
E2FD	0.250668916227653	2.147710934805085	0.27066891622765304	0.035959861835004936	15.0	198552
E2FE	0.250668916227653	2.147710934805085	0.27066891622765304	0.035959861835004936	15.0	198552
E5	0.2208667693944874	26.863309348417182	0.4108667693944874	0.04163697888213776	6.0	198552
EBF1	0.19832161144295155	8.299876363522701	0.23832161144295155	0.10915882734245015	11.0	198552
EBF3	0.23261085680209814	9.910792284616901	0.28261085680209813	0.004373039694329558	9.0	198552
ECM22	0.3252533884416632	5.858454638532026	0.37525338844166317	7.166399568478519e-07	6.0	198552
ECM23	0.3285414743848299	8.387893276647445	0.4085414743848299	0.001520403444160633	5.0	198552
EDS1	0.40157351501524224	0.23076802192449977	0.41157351501524225	0.004073374190282814	7.0	198552
EFM	0.3230323521764854	4.459067470743219	0.3630323521764854	0.0008379980168306805	9.0	198552
EGR1	0.19702995528468503	22.13237691411246	0.297029955284685	0.005975045273263369	10.0	198552
EGR2	0.2382803910762233	4.6229059961766135	0.2682803910762233	0.03293404806626074	11.0	198552
EGR3	0.2113122366254263	16.231385923311986	0.2713122366254263	0.022519841557742653	11.0	198552
EGR4	0.19619862022654688	19.67750465425525	0.2661986202265469	0.07908665285306328	11.0	198552
EHF	0.3586537908088868	0.4494964127925996	0.3686537908088868	0.02376592640146054	9.0	198552
EIL3	0.3650767425275199	2.788195202865461	0.4050767425275199	0.041263125736963766	8.0	198552
EIL4	0.35116371183019457	1.3945206890269337	0.3711637118301946	0.023912637952235086	9.0	198552
ELF1	0.3517796726751898	0.4213197521899099	0.3617796726751898	0.011721710158491161	9.0	198552
ELF2	0.33820379639774617	1.1421215899114114	0.3582037963977462	0.004944645643955894	10.0	198552
ELF3	0.35088700562479136	0.5264888043645509	0.36088700562479137	0.03457181289761057	9.0	198552
ELF4	0.2997849786427162	2.006696437215363	0.3197849786427162	0.007111985228877419	12.0	198552
ELF5	0.3569210143053013	1.7344516122387381	0.38692101430530135	0.03228287112712689	10.0	198552
ELK1	0.3397584529923824	1.0514660344183788	0.3597584529923824	0.0014707726398275006	9.0	198552
ELK1::HOXA1	0.29614802522008987	2.1377026693905314	0.3161480252200899	0.011237018331178263	14.0	198552
ELK1::HOXB13	0.27218982554798415	1.9531486204356139	0.29218982554798417	0.015508443354844751	15.0	198552
ELK1::SREBF2	0.2575939472483023	2.4312908979631476	0.27759394724830233	1.3417978517080034e-06	15.0	198552
ELK3	0.3065097590021175	3.5573567746493775	0.33650975900211755	0.03615382607215897	9.0	198552
ELK4	0.3383869740562428	1.0690171209000483	0.3583869740562428	0.0007123102783319257	9.0	198552
EMX1	0.27575328997343174	13.99186197621243	0.3657532899734317	0.012180733751999184	6.0	198552
EMX2	0.2797516277165653	13.831397129276125	0.37975162771656534	0.014022369045039921	6.0	198552
EN1	0.28575321821301397	10.86646246187053	0.365753218213014	0.0017955263278779737	6.0	198552
EN2	0.22119388761985875	25.66722437906608	0.34119388761985875	0.03909698514402827	7.0	198552
ENAP2	0.23860192464585356	14.049423736796314	0.29860192464585356	0.05199654447422105	9.0	198552
EOMES	0.33427472093701954	1.8681507961435335	0.3642747209370195	0.05093256297896131	9.0	198552
EPAS1	0.2799362456151952	5.877066270906523	0.3199362456151952	0.024959288246210642	9.0	198552
EREB127	0.2950175533020807	5.190186804434856	0.33501755330208066	0.007148914746874716	8.0	198552
EREB138	0.24652173549204753	10.871365339791957	0.30652173549204753	0.08863134759380328	10.0	198552
EREB29	0.11916793729990782	34.85588223512255	0.24916793729990783	0.13381306251412595	10.0	198552
EREB71	0.27469027830745907	8.348504376889663	0.32469027830745906	0.009026265069007668	10.0	198552
ERF	0.33543806896148765	1.5256010962427624	0.35543806896148766	0.033463588768626346	9.0	198552
ERF010	0.29237267253095683	8.480911254282992	0.35237267253095683	0.03542789679777466	8.0	198552
ERF011	0.31731954889329506	5.736451172985153	0.36731954889329504	0.008415394932127594	7.0	198552
ERF012	0.2803426395466341	9.40836104761767	0.3403426395466341	0.011962354319212458	8.0	198552
ERF013	0.2650242178586626	11.997271412282617	0.3350242178586626	0.015447889852646318	9.0	198552
ERF014	0.20108667943493855	21.031693316723434	0.2710866794349386	0.08750461502365808	15.0	198552
ERF015	0.2929121418742374	7.9458134134253005	0.3429121418742374	0.07241770752151111	8.0	198552
ERF017	0.24591467578711723	20.033759270985016	0.3459146757871172	2.1234122444025724e-05	9.0	198552
ERF018	0.28264081281344544	8.401781288275215	0.33264081281344543	0.053499162624886465	8.0	198552
ERF019	0.268602193071271	11.8508878371103	0.338602193071271	0.04315961914682995	9.0	198552
ERF021	0.29690200720885285	4.986484925307498	0.3369020072088528	0.038180620256472786	8.0	198552
ERF023	0.2833777560415011	8.045585169010698	0.3333777560415011	0.02362691535662824	9.0	198552
ERF025	0.29339417222849623	4.760656649306981	0.3333941722284962	1.2834246751206333e-06	8.0	198552
ERF027	0.3239602870598355	2.9931228197268145	0.3539602870598355	0.06027550994113792	7.0	198552
ERF034	0.2922269009235594	6.9504235581666	0.3422269009235594	0.019037808364385813	9.0	198552
ERF035	0.31431869160537745	1.4469443159213007	0.33431869160537747	0.0038156950325269295	9.0	198552
ERF036	0.3335899803403717	1.9923935233712564	0.3635899803403717	0.023340900006765523	8.0	198552
ERF037	0.2999950122133315	3.7374461728497623	0.3299950122133315	0.07468022486442105	9.0	198552
ERF038	0.3002994178482668	7.028979019485352	0.3502994178482668	0.0013236277473637232	8.0	198552
ERF039	0.32080159092992394	4.9583045042057705	0.37080159092992393	0.013506367685764884	7.0	198552
ERF043	0.30710003323194723	1.6072112895525454	0.32710003323194725	0.02308235172724613	9.0	198552
ERF054	0.2287872900330375	23.376858838242644	0.3387872900330375	0.06890200435050108	8.0	198552
ERF055	0.2270525096310761	20.702018066307886	0.3270525096310761	0.025373226349516356	9.0	198552
ERF057	0.21446212961956232	18.476824829661282	0.2844621296195623	0.0642169397459686	14.0	198552
ERF069	0.2594569515797191	21.97758225261666	0.3794569515797191	0.029854476697045107	4.0	198552
ERF073	0.21101179163455222	15.917209699681614	0.27101179163455225	0.014182038562338795	11.0	198552
ERF076	0.2024767051245062	22.238080394101452	0.2824767051245062	0.004186450862177495	10.0	198552
ERF077	0.24997782737693564	10.88958237679802	0.2999778273769356	0.0988070399442556	10.0	198552
ERF082	0.20762655782559017	22.440778113965074	0.3076265578255902	0.0020569651139035502	9.0	198552
ERF086	0.2328759529383869	10.953111785354457	0.2828759529383869	0.09357259258136687	10.0	198552
ERF087	0.19084259729353975	24.74426292349185	0.2808425972935398	0.010499233694323696	10.0	198552
ERF091	0.19705537718550814	20.118916406562033	0.26705537718550815	0.08274166345413694	13.0	198552
ERF094	0.24080652475007025	21.27749553233116	0.3408065247500702	0.03178534242728882	7.0	198552
ERF095	0.18972276702499008	23.30462020453194	0.2597227670249901	0.11840186527612923	13.0	198552
ERF096	0.2198585913701402	26.092552982736805	0.3398585913701402	0.02248188449708948	6.0	198552
ERF10	0.1966646109906148	18.790651438539083	0.25666461099061477	0.07016052135112245	19.0	198552
ERF104	0.19420477653489235	19.99285424664697	0.2642047765348924	0.06357979930642549	16.0	198552
ERF105	0.22871776692857657	13.805907850651385	0.28871776692857654	0.011865933918259379	10.0	198552
ERF109	0.21459385978831422	19.821338024217784	0.3045938597883142	0.0011306445844150937	8.0	198552
ERF11	0.18587927354919215	24.66520792659022	0.26587927354919216	0.020059561818402866	12.0	198552
ERF112	0.20993062823978587	22.26424447393826	0.3099306282397859	0.021616528564760804	9.0	198552
ERF115	0.1871166130588613	17.925533090849896	0.2471166130588613	0.007028599741576019	11.0	198552
ERF118	0.19235801204450126	29.186885148939997	0.32235801204450126	0.016113599414695444	8.0	198552
ERF122	0.2508206285816432	11.852650847123044	0.3108206285816432	0.012035830757332213	10.0	198552
ERF15	0.22102002062693854	21.810394338443267	0.3210200206269386	0.010994550853374281	8.0	198552
ERF1B	0.24367314555243497	14.635284681373868	0.313673145552435	0.07213340176512265	8.0	198552
ERF2	0.21500544985863074	15.83729551484492	0.27500544985863073	0.002426743573998202	13.0	198552
ERF3	0.19758132622297533	23.315216814195352	0.29758132622297534	0.0005669607146921418	10.0	198552
ERF4	0.22549389501894782	16.684214912952317	0.29549389501894785	0.03460902165063502	9.0	198552
ERF5	0.20061563441724006	13.96459606514787	0.25061563441724005	0.006005062929913145	15.0	198552
ERF6	0.15335022449839356	34.16702524122693	0.30335022449839355	0.027371215242392884	7.0	198552
ERF7	0.3324074870416668	12.247287239661778	0.44240748704166677	0.002850976672059887	4.0	198552
ERF8	0.18751295179321503	22.838702621179785	0.25751295179321504	0.14308002687818994	11.0	198552
ERF9	0.18456300693393066	17.66417090914229	0.23456300693393067	0.19327036378621468	19.0	198552
ERF::FIGLA	0.2704170457480509	2.2486365607114838	0.29041704574805094	9.539156614485048e-05	13.0	198552
ERF::FOXI1	0.342388824001508	2.5649837457864715	0.37238882400150797	0.004725019258286211	10.0	198552
ERF::FOXO1	0.29667985676481523	2.584910117672879	0.32667985676481526	0.06462075740012763	12.0	198552
ERF::HOXB13	0.2969833296007944	1.2350605873783977	0.3169833296007944	0.07937608739002086	13.0	198552
ERF::NHLH1	0.24598077633915363	3.637395057866311	0.2659807763391536	0.13685520172045618	16.0	198552
ERF::SREBF2	0.25502367568040724	1.180444878343526	0.26502367568040724	0.04998248793598599	16.0	198552
ERG	0.35746962955308836	0.9469222189329842	0.3774696295530884	0.004622289485914721	9.0	198552
ERR	0.359926208578374	0.01033312769484092	0.359926208578374	0.01033312769484092	8.0	198552
ERT1	0.3588301872181192	1.8206434039729031	0.38883018721811924	0.04012972542937102	7.0	198552
ESR1	0.20694657065793143	6.5432236999143125	0.23694657065793143	0.03844228535359377	15.0	198552
ESR2	0.2557913559275331	5.118145723182995	0.28579135592753313	0.010259002645266552	15.0	198552
ESRRA	0.3452300479413857	0.03403774097922177	0.3452300479413857	0.03403774097922177	9.0	198552
ESRRB	0.3257394767137059	0.1260452282740565	0.3357394767137059	0.07118263985199243	10.0	198552
ESX1	0.20709180243341638	23.993379981605873	0.3270918024334164	0.00234833245733928	7.0	198552
ETS1	0.3543772345377191	0.5614411108439268	0.3643772345377191	0.056696547076879905	9.0	198552
ETS2	0.3353512030741279	0.8079635038460171	0.35535120307412793	0.050338775699284494	9.0	198552
ETV1	0.3660972793606307	0.3918868346831181	0.3760972793606307	0.01035403791103008	9.0	198552
ETV2	0.34785508141193056	0.21275099970487873	0.35785508141193056	0.0055972431102804	9.0	198552
ETV2::DRGX	0.32060483397208267	1.9899241354928308	0.3406048339720827	0.07125535398799691	12.0	198552
ETV2::FIGLA	0.26198765108264893	2.3422144097643316	0.28198765108264895	0.0014179733822325745	13.0	198552
ETV2::FOXI1	0.33230536779028835	0.8773124855003681	0.35230536779028837	0.06767782492174629	11.0	198552
ETV2::HOXB13	0.3044280700210438	1.023608201972848	0.3244280700210438	0.09903896746287016	13.0	198552
ETV3	0.35924187955731557	0.5643961157447674	0.3692418795573156	0.0547401116409394	9.0	198552
ETV4	0.31377470165246035	6.394902833183567	0.36377470165246034	0.024752678259303357	9.0	198552
ETV5	0.32678615724650756	1.9136922726266548	0.3467861572465076	0.07985486658556044	9.0	198552
ETV5::DRGX	0.31674981951691017	2.212225434196008	0.3467498195169102	0.054247526511490125	12.0	198552
ETV5::FIGLA	0.26549630333724994	2.765379267864511	0.28549630333724996	0.06502112862852774	14.0	198552
ETV5::FOXI1	0.2755174171011774	1.263986866487255	0.2955174171011774	0.0975658522919146	12.0	198552
ETV5::FOXO1	0.3240217613616493	0.8131429870968546	0.3440217613616493	0.07457892753317391	10.0	198552
ETV5::HOXA2	0.2790660593911474	3.3308533449716666	0.3090660593911474	0.003132878046446868	12.0	198552
ETV6	0.3465330377341811	1.1773240007138652	0.3665330377341811	0.005082288484579835	9.0	198552
ETV7	0.3620459495992683	1.4100984729974282	0.3820459495992683	0.039239475530549205	9.0	198552
EVX1	0.29260679597020217	5.702939759349885	0.34260679597020216	0.000905007586614339	6.0	198552
EVX2	0.29826778930082887	5.644622956177835	0.34826778930082886	0.010778487989663159	6.0	198552
EWSR1-FLI1	0.20278408224578426	8.969748359047719	0.23278408224578426	0.07919784694548648	18.0	198552
Ebf2	0.24773287456882231	6.385694520136709	0.2877328745688223	0.005229770671698946	9.0	198552
Ebf4	0.21355550594129022	5.016429241976707	0.24355550594129022	0.09961702107883874	11.0	198552
EcR	0.35363700567299045	0.4319053237045766	0.36363700567299045	0.017206434226596616	8.0	198552
EcR::usp	0.2661652929333869	2.154039293394555	0.28616529293338694	0.0002610650280071906	15.0	198552
Egr1	0.2678942671212304	4.134085616818749	0.29789426712123035	0.0007329642041799055	11.0	198552
Egr2	0.25946135216839433	6.622102083864733	0.2994613521683943	0.026517578015815536	15.0	198552
Eip74EF	0.3837161390917893	0.48402813894948343	0.40371613909178933	0.028157281355069615	7.0	198552
Eip75B	0.3311577618518451	0.20196961071793565	0.3411577618518451	0.019981498386047084	10.0	198552
Elba1	0.3775393814489354	0.3435596291131239	0.3875393814489354	0.011909355148691375	7.0	198552
Elba2	0.37788960808726546	0.44268657144034085	0.38788960808726547	0.04595056084296115	7.0	198552
Elf5	0.3562618950573663	1.436644582975729	0.3762618950573663	0.05915874895771544	8.0	198552
EmBP-1	0.35151323540337187	0.34037533938204406	0.3615132354033719	0.0028352579364869916	8.0	198552
Emx	0.2702904392407638	18.47523910375267	0.3802904392407638	0.028803141193046725	6.0	198552
En1	0.2837418882555971	16.534721750519246	0.37374188825559707	0.060263123632332306	11.0	198552
Erf-a	0.4065835395588874	0.2662769814155969	0.4165835395588874	0.008825973354762949	7.0	198552
Erg	0.3470636607250216	0.8962192478089852	0.3670636607250216	0.02112753709259686	10.0	198552
Esrra	0.30961029897229836	0.47302887372737473	0.31961029897229837	0.0024877843792032012	11.0	198552
Esrrb	0.31981793725636515	0.6781840348681064	0.32981793725636516	0.043687659564922786	10.0	198552
Esrrg	0.35014755823116966	0.4736145814514635	0.3601475582311697	0.022167148162544177	9.0	198552
Ets1	0.3261855531095329	1.5350735206090353	0.3461855531095329	0.005213860362437882	12.0	198552
Ets21C	0.3212398115075751	0.5215487685583416	0.3312398115075751	0.024084123483239343	8.0	198552
Ets65A	0.33207013190417306	0.014580556335050381	0.33207013190417306	0.014580556335050381	8.0	198552
Ets96B	0.3139591160559229	0.7531438162080905	0.3239591160559229	0.06972222458117842	9.0	198552
Ets97D	0.3398897312927249	0.9718244208884987	0.3598897312927249	0.0062232136992816005	9.0	198552
Ets98B	0.320353166808833	0.42194301090783554	0.33035316680883303	0.0014275704833800326	9.0	198552
Etv1_4_5	0.3695462921006989	2.281142439347904	0.40954629210069887	0.0394894691494555	6.0	198552
F10B5.3	0.3025763878886687	5.610660527937684	0.3425763878886687	0.016026944117583635	11.0	198552
FAR1	0.27218800633450435	5.581081777901104	0.31218800633450433	0.0010612384286335828	9.0	198552
FERD3L	0.2107255842314736	12.38636355045432	0.26072558423147363	0.0565083661842333	14.0	198552
FEV	0.33208980740771277	0.6912404041441992	0.3420898074077128	0.07854293395020286	9.0	198552
FEZF2	0.29373773358922317	5.910930118942958	0.34373773358922316	0.016427877537304743	8.0	198552
FHL1	0.3786055238375605	0.8851447762652651	0.39860552383756054	0.02587695153799654	6.0	198552
FHY3	0.28354027110204094	3.492639404655883	0.31354027110204097	0.0012785625914715803	8.0	198552
FIGLA	0.36337314385061353	4.13178317337769	0.4133731438506135	0.00011079487308228856	6.0	198552
FKH1	0.23336637629127885	20.240340173523215	0.32336637629127885	0.02717198607847839	13.0	198552
FKH2	0.3319875602532285	11.674238961353613	0.4119875602532285	0.0027255507883392747	7.0	198552
FLC	0.2790804394403064	7.003581632985345	0.3190804394403064	0.060538383130056675	14.0	198552
FLI1	0.3474098598020731	0.5792444093502237	0.3574098598020731	0.05064983297714321	9.0	198552
FLI1::DRGX	0.2979595979137934	2.5414211570416154	0.3179595979137934	0.11130358455048273	14.0	198552
FLI1::FOXI1	0.33010916188921813	1.3210473369128197	0.35010916188921815	0.0014105827013979496	11.0	198552
FOS	0.22103710589351386	5.020403007798252	0.25103710589351386	0.03130109174823998	13.0	198552
FOS::JUN	0.27540414184538475	2.4442654591013375	0.29540414184538477	0.08933098465761656	10.0	198552
FOS::JUNB	0.287139027632969	3.235663376981525	0.317139027632969	0.006439496765529639	9.0	198552
FOS::JUND	0.2979184723743523	4.118553876130962	0.3379184723743523	0.04063332372914833	9.0	198552
FOSB::JUN	0.26201153820459333	3.703745503888273	0.29201153820459336	0.04453458794958513	11.0	198552
FOSB::JUNB	0.29212787363646076	3.8244507252786497	0.3221278736364608	0.042461422724681556	9.0	198552
FOSL1	0.2816541220772079	3.8430461364932516	0.3116541220772079	0.016942525771707167	9.0	198552
FOSL1::JUN	0.30141697583302246	4.111680061026854	0.34141697583302244	0.05211165087424587	9.0	198552
FOSL1::JUNB	0.2923978095663391	3.903859644109106	0.3223978095663391	0.050500682377692764	9.0	198552
FOSL1::JUND	0.31498793690681753	1.0825006584475014	0.33498793690681755	0.010600861896989895	9.0	198552
FOSL2	0.2996987273119093	1.6402195319222395	0.3196987273119093	0.0001983084719010484	10.0	198552
FOSL2::JUN	0.27007134413532324	3.0581167041330013	0.3000713441353232	0.019946306098144864	10.0	198552
FOSL2::JUNB	0.23172333012002697	4.922163947603499	0.26172333012002696	0.010614263533014952	10.0	198552
FOSL2::JUND	0.2728803399619145	2.846769734880609	0.29288033996191454	0.10483905866393843	10.0	198552
FOXA1	0.30901132727136416	8.948739534184261	0.36901132727136415	0.03337727827465024	8.0	198552
FOXA2	0.29071906041529066	11.33020983970443	0.3707190604152907	0.05479426378800872	8.0	198552
FOXA3	0.3162546539697764	9.604500718450584	0.39625465396977644	0.02863384265434506	7.0	198552
FOXB1	0.25233074696638585	17.24019533859229	0.33233074696638587	1.9435100989293134e-06	11.0	198552
FOXC1	0.26872621940395336	14.776019980981145	0.3487262194039534	0.005075589051360951	11.0	198552
FOXC2	0.26025969860276393	16.724273332747018	0.34025969860276395	0.01971503435254397	11.0	198552
FOXD1	0.3014243325779635	12.810968875122953	0.3914243325779635	0.00016863878501307744	7.0	198552
FOXD2	0.19362623246326616	28.14007565935331	0.32362623246326616	0.057908408405541574	11.0	198552
FOXD3	0.22641488869696122	22.237506242782864	0.3264148886969612	0.08597206510036702	14.0	198552
FOXE1	0.2606982426223489	13.378399596542279	0.3306982426223489	0.10461106456730296	12.0	198552
FOXF2	0.2911884068456159	10.266520842537501	0.36118840684561593	0.03608880477023709	9.0	198552
FOXG1	0.31999427769694777	4.419335956654476	0.35999427769694775	0.00590267333299436	8.0	198552
FOXH1	0.3710821987294639	1.030477815854487	0.3910821987294639	0.00855758953434442	8.0	198552
FOXI1	0.3195886727838892	8.352194964239333	0.3895886727838892	0.045822730095245116	7.0	198552
FOXJ2::ELF1	0.30619646367110437	3.4615156803071265	0.33619646367110434	0.034076390478729846	11.0	198552
FOXK1	0.32656579797954816	8.248053037471152	0.39656579797954816	0.004597590327621417	7.0	198552
FOXK2	0.3133359327219427	10.339738094217259	0.3933359327219427	0.0014751129938212369	7.0	198552
FOXL1	0.307070040511137	9.811063074099915	0.377070040511137	0.021720097429768194	7.0	198552
FOXN3	0.29284564867642005	9.953459230462768	0.36284564867642005	0.04290466676920997	8.0	198552
FOXO1::ELF1	0.28500146584317293	2.6308728728115245	0.30500146584317295	0.0815293345096729	13.0	198552
FOXO1::ELK1	0.30853527714376816	1.2336725289952784	0.3285352771437682	0.053670789191621916	13.0	198552
FOXO1::ELK3	0.291166972636716	1.3120069550981543	0.311166972636716	0.04955067584138325	13.0	198552
FOXO1::FLI1	0.269022119296915	4.113732829750073	0.299022119296915	0.0026468394348618095	13.0	198552
FOXO3	0.33189542857748333	4.343074303561755	0.3718954285774833	0.015737377745063626	8.0	198552
FOXO4	0.31276352093304405	9.333148016593276	0.39276352093304406	0.046111490944416245	7.0	198552
FOXO6	0.32537324677555246	7.611930205736218	0.39537324677555247	0.026543557378021755	7.0	198552
FOXP1	0.30044864193090665	12.030500172369749	0.39044864193090667	0.004714749138583144	7.0	198552
FOXP2	0.2781078867081148	14.57431229330927	0.35810788670811483	0.009074953523645221	9.0	198552
FOXP3	0.32244283611851293	4.441808217871221	0.3624428361185129	0.06015022344725668	7.0	198552
FOXP4	0.3305496284989988	6.928892190877386	0.3905496284989988	0.01039575786257789	7.0	198552
FOXS1	0.3060063220423879	10.103144685896863	0.37600632204238793	0.011536718942458632	8.0	198552
FUS3	0.3931879384787735	0.2700240633461162	0.4031879384787735	0.0056423534364571796	7.0	198552
FaEOBII	0.3532131292087948	0.5659120157628238	0.3632131292087948	0.0483827124515566	8.0	198552
Fer1	0.268856669137311	1.3098539767892767	0.288856669137311	0.11327726465287011	13.0	198552
Fer2	0.3141828647828712	0.7031722050309788	0.3241828647828712	0.05419875044997181	10.0	198552
Fli-Erg-a	0.35901425509319157	3.7131795957102876	0.40901425509319156	0.004820642147190172	6.0	198552
Fli-Erg-b	0.33949440138648257	1.446517619647789	0.3594944013864826	0.01934669398450291	9.0	198552
Fli-Erg-c	0.3873174228063626	1.2898493967262072	0.41731742280636264	0.010909127737893907	6.0	198552
Fos-b	0.278157860631643	1.8283979848916443	0.298157860631643	0.0010339935995285164	10.0	198552
Fos::Jun	0.35962587270583224	1.1734344690863947	0.37962587270583226	0.014057797474564123	8.0	198552
FoxA-a	0.24249026862376907	13.654962931023098	0.30249026862376904	0.03953693512571108	13.0	198552
FoxA-b	0.20866896080929326	26.612678080238823	0.34866896080929327	0.04891550912178037	8.0	198552
FoxB	0.17592230740464934	27.868498221563208	0.3059223074046493	0.04846205105425307	11.0	198552
FoxD-b	0.33264611744483763	10.160694961835345	0.4226461174448376	0.0009814760524153507	6.0	198552
FoxE	0.3587971651792369	7.143602177333622	0.4287971651792369	0.026124911565161314	6.0	198552
FoxF	0.1950254848624175	29.379850688087608	0.4050254848624175	0.02137945046826885	6.0	198552
FoxG	0.3753548076107625	3.3319307311362443	0.4253548076107625	0.013236186677892711	6.0	198552
FoxI-a	0.3696315000195648	5.852256382910057	0.4396315000195648	0.02690517848720992	6.0	198552
FoxI-b	0.23086951966265482	24.697090015670167	0.3508695196626548	0.0035780813390219567	11.0	198552
FoxI-c	0.39417236910267617	2.008949587146604	0.43417236910267615	0.028578848953634023	6.0	198552
FoxK	0.34231941862420984	8.384729291195937	0.42231941862420985	0.0004789782444093061	6.0	198552
FoxL1	0.27550573159095093	16.960840294147882	0.3855057315909509	0.0006501059523019705	8.0	198552
FoxL2	0.281225345559811	17.08516379732552	0.381225345559811	0.0007435332857025388	8.0	198552
FoxM	0.30246891288500977	14.041221409613744	0.40246891288500974	0.029479760550219683	6.0	198552
FoxO	0.23860195209412002	24.335929021022572	0.37860195209412006	3.7066148801902614e-06	9.0	198552
FoxP	0.29254478991951594	9.627834818982818	0.35254478991951593	0.05229341682607467	9.0	198552
FoxQ	0.3354488498427499	7.008270172761489	0.4054488498427499	0.0028866023719971035	6.0	198552
Foxa2	0.28087708302548287	9.899107503174731	0.34087708302548286	0.0005404277458360712	11.0	198552
Foxd3	0.1632341460779375	29.19804526256598	0.3232341460779375	0.09133984024330674	12.0	198552
Foxf1	0.31432143562300013	11.468864962882774	0.39432143562300015	0.014677533647549161	7.0	198552
Foxj2	0.3047227235532644	9.46590441803646	0.3747227235532644	0.04059808838574678	8.0	198552
Foxj3	0.2708862687426426	15.737244359870948	0.3608862687426426	0.04529709375890903	9.0	198552
Foxk1	0.2344095550897429	20.35988129293051	0.3344095550897429	9.559891761502066e-05	13.0	198552
Foxl2	0.2673516978487298	15.642474389532063	0.3473516978487298	0.018555952200340935	10.0	198552
Foxn1	0.3781370444284156	0.8584408994196303	0.39813704442841563	0.017632865604655323	6.0	198552
Foxo1	0.3608284003838674	3.4310871851341105	0.40082840038386736	0.003869614197035063	7.0	198552
Foxo3	0.33238621390926526	7.486013770126229	0.40238621390926527	0.049951513847314694	7.0	198552
Foxq1	0.31797366676462024	5.381784796026932	0.3579736667646202	0.07175462239099852	10.0	198552
GABPA	0.342854970331952	0.4110322025544541	0.352854970331952	0.005130844796896385	10.0	198552
GAF1	0.2603541336186785	5.2827485033016925	0.29035413361867846	0.0829156164735904	15.0	198552
GAL4	0.22536974601320275	18.14976785620087	0.29536974601320276	0.012019842960562657	15.0	198552
GAT1	0.37189518931044924	0.25391197438055596	0.38189518931044925	0.0020282459237880557	6.0	198552
GAT3	0.33527059761676886	6.174190012447648	0.39527059761676886	0.023306999372631754	6.0	198552
GAT4	0.3670761226816831	1.6033409886316645	0.39707612268168313	0.0001473887180302607	6.0	198552
GATA-a	0.3896525968986415	1.7070227085394105	0.41965259689864154	0.016793012163076555	6.0	198552
GATA1	0.28947244276409256	3.933148847954523	0.3194724427640926	0.06828650066921756	10.0	198552
GATA10	0.29846380947927925	3.015200569461326	0.3284638094792792	0.009048414349197885	8.0	198552
GATA11	0.32546183226225633	2.205518394808477	0.35546183226225636	0.0020276844174345913	8.0	198552
GATA12	0.2499726530959494	6.461476162726916	0.2999726530959494	0.02940180049123996	6.0	198552
GATA14	0.3179339973552227	2.3429181929607963	0.3479339973552227	0.00661557335309554	8.0	198552
GATA15	0.37451421380276034	2.193490852313563	0.4145142138027603	0.0015203473810907681	4.0	198552
GATA19	0.3089665656025995	2.6669949235195056	0.3389665656025995	0.005673316086752597	9.0	198552
GATA1::TAL1	0.2917712092855776	5.651350102707793	0.3317712092855776	0.011525310212386834	17.0	198552
GATA1_2_3	0.3954078602432863	1.7090994799393662	0.42540786024328625	0.013816580133662416	6.0	198552
GATA2	0.3481211092801158	4.668825570790614	0.3981211092801158	0.0010881845357954161	7.0	198552
GATA20	0.32306592905969905	0.3582379062291201	0.33306592905969906	0.00086380557547155	8.0	198552
GATA3	0.3673970745001198	2.7760683403480164	0.4073970745001198	0.011107755809408997	8.0	198552
GATA4	0.283941007355194	6.33446815447506	0.343941007355194	0.001925433956438797	4.0	198552
GATA5	0.35364974998214505	2.7603763999194144	0.38364974998214507	0.016858286718469496	8.0	198552
GATA6	0.2905569315505907	4.726663969096316	0.3305569315505907	0.02927576530688414	10.0	198552
GATA8	0.33949949826751386	3.530900063694425	0.38949949826751384	0.0313773751461071	5.0	198552
GATA9	0.32542692195254447	7.24319474658006	0.37542692195254446	0.02572492390297389	6.0	198552
GATAd	0.3774703384164157	0.11335344507898186	0.3874703384164157	0.019680237868367128	7.0	198552
GATAe	0.3612198636555376	0.38421255918379	0.3712198636555376	0.025846731165186862	7.0	198552
GBF1	0.3566125551272453	1.934024204693398	0.38661255512724535	0.004987904683413511	7.0	198552
GBF2	0.31960908524367254	0.6229215667647512	0.32960908524367255	0.04744505999870402	9.0	198552
GBF3	0.34351876741424797	0.6126029765965425	0.353518767414248	0.06794005790808301	8.0	198552
GBX1	0.23344575083485208	22.0795654280869	0.3534457508348521	0.0011238716468166454	7.0	198552
GBX2	0.22848589044166337	26.05064446169555	0.36848589044166336	0.022770751226359857	6.0	198552
GCM1	0.296923451322391	6.727956292484097	0.346923451322391	9.172619228558816e-06	10.0	198552
GCM2	0.3131133536286208	7.721565806046956	0.3731133536286208	0.019656769845979277	8.0	198552
GCN4	0.35598601211372477	1.7614286659495137	0.38598601211372474	0.014960897772935047	8.0	198552
GCR1	0.37294009300651065	0.39530412016205674	0.38294009300651066	0.019006654221929188	8.0	198552
GCR2	0.41417363830865944	0.9217290894438132	0.4441736383086594	0.028470544103014694	6.0	198552
GFI1	0.32292414198608477	1.9775050357154687	0.3429241419860848	0.05717578501002581	11.0	198552
GIS1	0.3587125085265618	2.557042751356248	0.39871250852656176	0.005663524384174455	6.0	198552
GLI2	0.22673105743624267	12.600207461757899	0.27673105743624266	0.0006492067171035673	15.0	198552
GLI3	0.23900209549039714	6.883375291488727	0.2790020954903971	0.11772566048096662	15.0	198552
GLIS1	0.2238520353513501	5.117994564057729	0.2538520353513501	0.19667974994959694	15.0	198552
GLIS2	0.195176304430361	18.1020105643527	0.255176304430361	0.01835572923913061	14.0	198552
GLIS3	0.22001662718093082	9.244725482352514	0.2600166271809308	0.004700408226135135	14.0	198552
GLN3	0.4340757019299862	0.7136637921191619	0.46407570192998615	0.021113874653633843	5.0	198552
GLYMA-06G314400	0.33897099046610146	1.1711799548959836	0.3589709904661015	0.0014714530734823309	8.0	198552
GLYMA-07G038400	0.3727532557049951	0.5039043571923154	0.39275325570499514	0.03450688478711793	7.0	198552
GLYMA-08G357600	0.29609774555584856	3.264962268633288	0.3260977455558486	0.029280788504244037	9.0	198552
GLYMA-13G317000	0.3333928290934948	1.5029373277202809	0.35339282909349484	0.03806172659440314	8.0	198552
GLYMA19G26560	0.2522631026262415	14.628038104401945	0.33226310262624154	0.06817097099791646	8.0	198552
GMEB2	0.3017625054150277	2.558042309706399	0.3317625054150277	0.003467941620868191	8.0	198552
GRF4	0.3304296809407953	4.139852068470721	0.37042968094079526	0.04696633574229926	8.0	198552
GRF6	0.3626791714563936	0.8903951170030461	0.38267917145639363	0.000892530269095914	7.0	198552
GRF9	0.38379719882558394	0.06700669255851174	0.39379719882558395	0.038102973324721	7.0	198552
GRHL1	0.2792809160641362	4.668756394350757	0.31928091606413617	0.07805797515269125	10.0	198552
GRHL2	0.3478241801603606	0.7520336349690556	0.3678241801603606	0.03808626478035987	8.0	198552
GRMZM2G135447	0.35106080594332906	2.923471105281517	0.39106080594332904	0.001994571384328507	7.0	198552
GSC	0.2979190855642123	10.413620074058587	0.37791908556421233	0.00010232972147067829	6.0	198552
GSC2	0.3474460556191843	6.961106302757143	0.4174460556191843	0.000387722006587787	6.0	198552
GSM1	0.24463852393884186	7.4121918819389325	0.28463852393884187	0.04527677527156874	10.0	198552
GSX1	0.21685745624187852	25.599431044632244	0.3668574562418785	0.00015601463864618428	6.0	198552
GSX2	0.3238123567623837	1.753315475940012	0.35381235676238365	0.0272780756926319	7.0	198552
GT-1	0.31964134500710834	2.365192005471354	0.3496413450071083	0.006504120284758555	8.0	198552
GT-2	0.291579613088861	10.895758730299452	0.351579613088861	0.05741363564392076	11.0	198552
GT-3a	0.2850835703758522	4.129628248416935	0.3150835703758522	0.0025670943844517415	14.0	198552
GT-4	0.23981491984972333	7.191349286174638	0.27981491984972334	0.014375801541479064	12.0	198552
GTL1	0.3185716393893928	3.9761477419826914	0.3585716393893928	0.001152466944187536	8.0	198552
GZF3	0.36822702087450937	1.4255938805890527	0.39822702087450934	0.023984457965917565	7.0	198552
Gabpa	0.31985325428710243	2.394951705339738	0.34985325428710246	0.009434431278252732	10.0	198552
Gam1	0.33998224872369764	3.398476110380324	0.3799822487236976	0.001043514805954501	8.0	198552
Gata1	0.3042836149676574	7.954321783715769	0.35428361496765737	0.028561701202331802	11.0	198552
Gata1::Tal1	0.2930040460130242	5.963169456005165	0.3330040460130242	0.02716912059479853	18.0	198552
Gata3	0.3541445236283862	2.5435717725654428	0.38414452362838625	0.02421504088388471	8.0	198552
Gata4	0.3279943828073158	2.359446190429027	0.35799438280731577	0.0011826229321541908	10.0	198552
Gfi1	0.35662216380960887	6.529985954909009	0.41662216380960887	0.020033753303832853	9.0	198552
Gfi1B	0.34323136055640263	1.3993299347772017	0.36323136055640265	0.010265364045690414	10.0	198552
Gli1	0.29276974739543477	4.561042721774432	0.33276974739543475	0.05125188869366852	10.0	198552
Gli2	0.2798320757513857	8.735734433457575	0.3398320757513857	0.07386089174457768	9.0	198552
Glyma19g26560.1	0.2540132442424117	15.009124088434358	0.3340132442424117	0.009897065619625575	8.0	198552
Gmeb1	0.24031970649207476	8.55471843310564	0.2903197064920748	0.0022564033095477	6.0	198552
Gsc	0.35760539075495174	7.641697809217058	0.41760539075495173	0.0010694268366771471	6.0	198552
Gsx	0.08268101797998904	31.2268698650784	0.26268101797998905	0.04646868790807307	20.0	198552
H2.0	0.14077991850076274	30.635463810780607	0.36077991850076274	0.03092413172274391	7.0	198552
HAC1	0.35442698929225896	1.0601411429875107	0.374426989292259	0.0039424271766004305	7.0	198552
HAL9	0.38036342596196887	1.7041569580279639	0.41036342596196884	6.706959874983509e-05	5.0	198552
HAND2	0.3872686858713559	0.10194861672126339	0.3972686858713559	0.009910041875249138	6.0	198552
HAP1	0.3728716423355292	0.3206915379957617	0.3828716423355292	0.002587849478449895	8.0	198552
HAP2	0.4450868734339631	0.07632078485628595	0.4550868734339631	0.004162538658399229	5.0	198552
HAP3	0.3473029763879041	0.6506464358461918	0.3573029763879041	0.07326997804093502	9.0	198552
HAP5	0.232685079135126	10.11418975780909	0.282685079135126	0.09021326764411985	14.0	198552
HAT1	0.3352960699288427	4.643123573167083	0.3852960699288427	0.03161251518720013	8.0	198552
HAT2	0.22689249529842548	25.454416146204892	0.3468924952984255	0.00023372335559937674	8.0	198552
HAT22	0.21105884055555793	21.840184727534428	0.31105884055555794	0.05389259144849021	9.0	198552
HAT5	0.19628368532047913	25.8356096791137	0.3062836853204791	0.012531382252796342	9.0	198552
HBI1	0.34201740662615765	1.8763090784906313	0.3720174066261577	0.006099742166676538	7.0	198552
HCM1	0.3383781733432628	8.653748141837754	0.4183781733432628	0.02204167705054978	7.0	198552
HDG1	0.1714867668969476	28.313637713627156	0.31148676689694765	0.024404192491107268	10.0	198552
HDG11	0.2508473780740218	15.88376496420691	0.3308473780740218	0.01022511455104735	9.0	198552
HDG7	0.19365088575904915	25.621072815941044	0.31365088575904915	0.05929560359822696	10.0	198552
HES1	0.23734150354885472	12.880094557646725	0.3073415035488547	0.04812278428026818	8.0	198552
HES2	0.19859875189330362	23.238271668018342	0.27859875189330363	6.0117485386475086e-05	9.0	198552
HES6	0.29828768606015316	1.8057133083685664	0.3182876860601532	0.006734008185756228	10.0	198552
HES7	0.2132293117836008	9.627330787644423	0.2532293117836008	0.016613608488536418	12.0	198552
HESX1	0.1897511798006873	30.2981506046307	0.3697511798006873	0.00028513672332978503	6.0	198552
HEY1	0.21473240122305265	16.89849280603233	0.28473240122305266	0.029892356768083553	10.0	198552
HEY2	0.25877999837541643	10.094394958645173	0.31877999837541643	0.0009318135500080122	9.0	198552
HGTX	0.21902047376699918	25.46107719937126	0.3390204737669992	0.06295643628681694	7.0	198552
HHEX	0.3078820448389657	5.600196988676975	0.3578820448389657	0.014233151688185681	8.0	198552
HHO2	0.35678161213254606	2.3545417412897285	0.386781612132546	0.030236100710294568	8.0	198552
HHO3	0.36275093327928337	1.79434416430221	0.39275093327928334	0.0017371165855381394	8.0	198552
HHO5	0.3649422644695041	1.8985431140944828	0.3949422644695041	8.204740200406167e-05	8.0	198552
HHO6	0.37469613502501004	1.7149113849911688	0.40469613502501	0.0025944343676600483	7.0	198552
HIC2	0.4031720203263266	1.43774768067172	0.4331720203263266	0.001962953825494926	6.0	198552
HIF1A	0.3597290485792092	1.844649966364991	0.3897290485792092	0.00294256041591512	6.0	198552
HINFP	0.307457994382925	6.789109715242543	0.35745799438292497	0.01544316275360495	8.0	198552
HLF	0.2354931677537043	17.36284680586061	0.3154931677537043	0.061006519241558935	9.0	198552
HLH4C	0.21886569364844133	12.262083934993964	0.2688656936484413	0.0017720723140328253	14.0	198552
HMBOX1	0.3832535120450539	2.095004319038058	0.4132535120450539	0.04298740532901916	7.0	198552
HMRA1	0.3486355268009764	6.7516637742846175	0.4086355268009764	0.0024770867337343505	7.0	198552
HMRA2	0.37358821643053397	3.005333738187079	0.41358821643053395	0.0041556771008483635	8.0	198552
HNF1A	0.17572822615240447	23.515380937010395	0.24572822615240447	0.12456221800973426	13.0	198552
HNF1B	0.1826476237920504	19.040856632370218	0.2426476237920504	0.16617188854509535	13.0	198552
HNF4	0.27195316409144965	1.3380296017972448	0.29195316409144967	0.08640658284178239	14.0	198552
HNF4A	0.34184198189079146	0.18440938857366398	0.35184198189079147	0.0277191579110826	9.0	198552
HNF4G	0.34072666211401725	0.1797487091183311	0.35072666211401726	0.0191117388075858	9.0	198552
HOXA1	0.25198290036948806	11.562366043952295	0.32198290036948807	0.03717788507090834	6.0	198552
HOXA10	0.22016510629208422	23.41703380442083	0.33016510629208423	0.010209557611883207	9.0	198552
HOXA13	0.28613308766179596	6.871573293573609	0.33613308766179595	0.07380887480772044	11.0	198552
HOXA2	0.27891540362689404	8.346971799664459	0.34891540362689405	0.01860862664191268	6.0	198552
HOXA3	0.2906040249356218	4.82437710598523	0.3306040249356218	0.004994297170782462	7.0	198552
HOXA4	0.3114477799031822	2.7559125558968147	0.3414477799031822	0.012299082334635201	7.0	198552
HOXA5	0.2958430185438196	4.630729683001238	0.3358430185438196	0.014741231918962823	8.0	198552
HOXA6	0.31983514669249336	9.932541023114071	0.39983514669249337	0.04304947456811684	7.0	198552
HOXA7	0.2536471593686297	24.65564791466955	0.4336471593686297	0.0034936711360769772	6.0	198552
HOXA9	0.31512397053035307	1.8938991130929135	0.34512397053035304	0.035138186156992574	7.0	198552
HOXB1	0.3132552386040698	2.193822472782815	0.3432552386040698	0.005645537316301401	7.0	198552
HOXB13	0.22923998670836393	21.96559028428879	0.3392399867083639	0.02398992167852647	9.0	198552
HOXB2	0.3111906933928873	10.076928549628498	0.3911906933928873	0.028141614216333766	6.0	198552
HOXB2::ELK1	0.29038072850216234	1.2711968843203911	0.31038072850216236	0.0937546755190324	14.0	198552
HOXB3	0.2606302949192292	19.143671347737396	0.3806302949192292	0.0007105564595605825	6.0	198552
HOXB4	0.3232568471448406	7.112647898520274	0.3832568471448406	0.0023078104711191077	6.0	198552
HOXB5	0.28206052469674886	9.853935548718031	0.35206052469674887	0.003300581584821803	6.0	198552
HOXB6	0.2967142116108621	8.596421227628479	0.3667142116108621	0.033319749015314856	7.0	198552
HOXB7	0.35787332554858503	1.6189068496370527	0.387873325548585	0.018649071592302426	7.0	198552
HOXB8	0.31102959660217294	9.585100096709061	0.38102959660217295	0.004363546683211169	7.0	198552
HOXB9	0.31941820407780164	2.1719897025795407	0.34941820407780166	0.07704009372008157	9.0	198552
HOXC10	0.27228294481654647	9.624511234284741	0.33228294481654647	0.00040029546395087615	9.0	198552
HOXC11	0.29269216210187504	2.1439591879422846	0.31269216210187506	0.05775159543904643	11.0	198552
HOXC12	0.2734112781889417	7.773662445211773	0.32341127818894166	0.00011465948411399461	10.0	198552
HOXC13	0.2799266830207432	8.810746880434785	0.3399266830207432	0.06780915167658406	9.0	198552
HOXC4	0.32782188802702106	4.632477831199469	0.37782188802702105	0.0009550409417243468	6.0	198552
HOXC8	0.2566624426949918	16.703747720869778	0.3566624426949918	0.006895903866096903	6.0	198552
HOXC9	0.3139130961353103	2.552165922394693	0.3439130961353103	0.01744200560692334	9.0	198552
HOXD10	0.3082766315743256	2.781974795314008	0.33827663157432564	0.02685479446992249	10.0	198552
HOXD11	0.2627238583284145	13.89214906575966	0.3427238583284145	0.0015995127705453074	9.0	198552
HOXD12	0.3031782746183885	2.4882745813384792	0.33317827461838845	0.0527959274091746	10.0	198552
HOXD12::ELK1	0.2841563118375976	1.3623330626213639	0.3041563118375976	0.07539159340630511	13.0	198552
HOXD13	0.30078820933729433	2.175405683077819	0.32078820933729435	0.04619797255005382	11.0	198552
HOXD3	0.2721260877215715	8.175382688255745	0.3321260877215715	0.06828271250893918	8.0	198552
HOXD4	0.32002751294274734	4.472869029765847	0.3700275129427473	0.013635318085754945	6.0	198552
HOXD8	0.312067906652626	9.622033842208744	0.382067906652626	0.003712573141951426	7.0	198552
HOXD9	0.24394083164025027	18.408691841696573	0.34394083164025024	0.018180444981630954	9.0	198552
HRS1	0.31485126671734565	5.046070846995357	0.3548512667173456	0.010423229381968494	12.0	198552
HSF1	0.3869063391223943	1.5252270102067427	0.4169063391223943	0.0001694324454657765	7.0	198552
HSF2	0.27155332222423273	3.4019027888257054	0.3015533222242327	0.06612493670889931	13.0	198552
HSF4	0.2797426256919677	3.1285011303153745	0.30974262569196764	0.05272184794048114	13.0	198552
HSFA1B	0.31970696019036304	0.6646290060952403	0.32970696019036305	0.06292565150311721	8.0	198552
HSFA1E	0.27523925531724364	3.4399867742933896	0.3052392553172436	0.044413987427321736	14.0	198552
HSFA4A	0.24155549996052036	7.208396661273057	0.2815554999605204	0.03170242961351352	14.0	198552
HSFA6A	0.2763113461246834	3.097453447446449	0.2963113461246834	0.12752283105591883	13.0	198552
HSFA6B	0.3089196306605725	3.0927532841620557	0.3389196306605725	0.005133778019844012	8.0	198552
HSFB2A	0.2735949831121474	5.33510726655057	0.3135949831121474	0.005720892656787525	10.0	198552
HSFB2B	0.2782167382130504	4.629531367926233	0.3082167382130504	0.05414921326786136	11.0	198552
HSFB3	0.2809054011926807	7.7452947815336275	0.3309054011926807	0.0005005513894836807	12.0	198552
HSFB4	0.32239965616412614	3.0130438669707544	0.35239965616412616	0.006048081336139762	10.0	198552
HSFC1	0.29567552459117147	4.3405928157365645	0.33567552459117145	0.013202954748134902	8.0	198552
HY5	0.21404565645911386	6.848417610985241	0.24404565645911386	0.02856216919699801	12.0	198552
HYH	0.3323626722567137	0.4368139941908042	0.3423626722567137	0.02743242679814946	7.0	198552
Hand1	0.3375949749024294	2.6672236480381533	0.3675949749024294	0.017517401663687062	9.0	198552
Hand1::Tcf3	0.36380736108882167	1.4577916189674958	0.3838073610888217	0.045684802065021714	9.0	198552
Hes-b	0.23828142894486093	11.596468504256944	0.2982814289448609	0.021853313926152047	8.0	198552
Hes-c	0.24364880690070984	8.53711891230637	0.2936488069007098	0.003337658840338935	8.0	198552
Hes1	0.2756633641985368	4.743861273297867	0.3156633641985368	0.00045301317537454116	7.0	198552
Hes2	0.31209485897654143	5.586120590213547	0.3620948589765414	0.034030682573378684	9.0	198552
Hex	0.13088580086346863	31.171225835514598	0.3708858008634686	0.032368544442121686	6.0	198552
Hey	0.2580369229975847	5.514812431184371	0.29803692299758466	0.01841701142519466	8.0	198552
Hic1	0.3508261686423586	4.569440266406401	0.4008261686423586	5.513954747926631e-07	8.0	198552
Hmx	0.19546957291362044	26.88712936226532	0.33546957291362045	0.030203977674588958	7.0	198552
Hmx1	0.2658595632901206	9.784260224358547	0.3258595632901206	0.036282748391277396	9.0	198552
Hmx2	0.24204360809903935	10.682683467017462	0.29204360809903934	0.014110977383873121	15.0	198552
Hmx3	0.26233429934747204	9.725391206357854	0.32233429934747204	0.021427842732046596	9.0	198552
Hnf1	0.13597565962373584	30.26249004103024	0.3359756596237359	0.005742053169584445	7.0	198552
Hnf1A	0.3226042272567749	3.109595155935674	0.35260422725677487	0.010960358701816133	10.0	198552
Hnf4	0.24898115761649167	1.7226557003035698	0.26898115761649166	0.1011048623385406	13.0	198552
Hnf4a	0.24050827522576576	3.0139176257589675	0.26050827522576575	0.007493426218292726	16.0	198552
Hox3	0.29545303832921443	9.69912373710874	0.36545303832921444	0.018065495885110472	6.0	198552
Hox4	0.28405753622167457	15.17318954567195	0.3740575362216746	0.013930522998980416	6.0	198552
Hox5	0.275570334186258	16.886358414771536	0.38557033418625797	0.014183081656109467	6.0	198552
Hoxa11	0.2898852724471852	5.45501490216631	0.3298852724471852	0.028751106472641026	9.0	198552
Hoxa13	0.27081058122376167	15.787329624711939	0.36081058122376164	0.0193716544755847	8.0	198552
Hoxa9	0.25127268275063325	16.40622902765814	0.34127268275063327	0.06833636134595393	11.0	198552
Hoxb5	0.196894986636285	22.31914308018858	0.276894986636285	0.034680917197004626	16.0	198552
Hoxc9	0.19748326785443224	25.854730979021713	0.31748326785443226	0.008294543544531664	12.0	198552
Hoxd13	0.3169123378749005	10.259276424634255	0.3969123378749005	0.008417263781131078	7.0	198552
Hoxd3	0.20313333091233565	20.306170766174837	0.28313333091233567	0.0717822654892021	16.0	198552
Hoxd8	0.11962127497489404	31.279648218373918	0.24962127497489406	0.10654865650426756	16.0	198552
Hoxd9	0.28531599584349254	12.65306151449871	0.36531599584349256	0.002545330210697775	10.0	198552
Hr38	0.35087807162732954	0.9304892002625262	0.37087807162732955	0.0017901688446090509	8.0	198552
Hr39	0.3577628502958973	0.3261413366096458	0.3677628502958973	0.004257101099373048	8.0	198552
Hr78	0.3465283420916165	1.3804785722169024	0.3665283420916165	0.03177246558481825	8.0	198552
Hsf	0.3271325315662675	1.5859038423932872	0.3471325315662675	0.02994065766975085	8.0	198552
Hsf1-2-4	0.2568388403318273	7.254694979547279	0.2968388403318273	0.010763939009822358	18.0	198552
IDD1	0.3285010264023356	1.3295080646014585	0.3485010264023356	0.0005053221921978434	12.0	198552
IDD11	0.3262179583202857	1.9172026841331689	0.34621795832028573	0.04741111899651726	12.0	198552
IDD4	0.2754888578656971	5.645516764687989	0.3154888578656971	0.11164296819757012	15.0	198552
IDD5	0.2969263962490513	2.1726970568005184	0.31692639624905133	0.012994126322848827	14.0	198552
IDD6	0.2691131906603782	3.998375991186604	0.2991131906603782	0.042842978934364964	16.0	198552
IDD7	0.30120875950944326	2.2272786254473074	0.3212087595094433	0.045752159783666806	14.0	198552
IG1	0.18444249262795337	25.810275008396633	0.29444249262795336	0.0002477877552417386	9.0	198552
IKZF1	0.3733698951071673	0.4824464609236859	0.3833698951071673	0.04143401052006035	8.0	198552
IKZF2	0.4106393518905599	0.5486419696184553	0.4306393518905599	0.0028505900128180254	6.0	198552
ILR3	0.22807161742658383	2.3798006976909263	0.24807161742658382	0.016686059854187443	6.0	198552
IME1	0.26114797764259373	7.499647591772754	0.3111479776425937	0.03193989358783743	8.0	198552
INO2	0.31273147626017556	2.613304539326883	0.3427314762601755	0.011878022383731623	9.0	198552
INO4	0.28590130874488856	5.382208824657543	0.32590130874488854	0.03617186402610467	9.0	198552
INSM1	0.28640616403615016	3.0846771136774573	0.3164061640361502	0.03358344725647705	12.0	198552
IRF1	0.19788987372490213	16.12051733217475	0.25788987372490213	0.0781797856321545	20.0	198552
IRF2	0.25968611959711924	1.291140732701646	0.26968611959711924	0.10889614088926927	16.0	198552
IRF3	0.2326030888043714	5.454263806932158	0.2626030888043714	0.039128144660165315	17.0	198552
IRF4	0.2640905304486561	1.1468580221286788	0.2740905304486561	0.10324719411084513	14.0	198552
IRF5	0.24124949746041727	3.2815301752868136	0.26124949746041726	0.022362844697401418	14.0	198552
IRF6	0.34183810831676664	0.11024482719861282	0.35183810831676665	0.05320943930319122	9.0	198552
IRF7	0.24317065738382349	10.837653909315192	0.2931706573838235	0.016412648691265675	13.0	198552
IRF8	0.2761179767035514	0.5445470177552995	0.28611797670355144	8.633138572186264e-05	13.0	198552
IRF9	0.2600472085773085	1.4301242880216996	0.2800472085773085	0.14436437774045632	15.0	198552
ISL2	0.35831167057386376	3.9165220653432775	0.40831167057386375	0.00127474153728561	6.0	198552
ISX	0.24496812457858433	23.690398028411543	0.3849681245785843	0.0006560637946956122	6.0	198552
IXR1	0.26660133248617873	0.43537224089270515	0.27660133248617874	0.03950480646263246	15.0	198552
Ikzf3	0.35037160020450525	1.0588366381499432	0.37037160020450527	2.376426897946103e-05	9.0	198552
Irf-b	0.24756029168811958	3.4824538681327635	0.26756029168811957	0.1490034827299461	15.0	198552
Irf1	0.2814138574530577	4.603458496550396	0.32141385745305767	0.07745049231265357	11.0	198552
Isl1	0.32224610822568694	4.586295990300654	0.37224610822568693	0.043451457977276085	7.0	198552
Isx	0.12409441881367839	31.594869784289003	0.3540944188136784	0.00021662503633265552	6.0	198552
JDP2	0.2549039963651608	2.687059714096222	0.27490399636516083	0.060892603261617634	10.0	198552
JKD	0.3060468691046273	3.964998059835072	0.3460468691046273	0.06052077855820422	12.0	198552
JUB1	0.30984076815090755	2.998295621201665	0.3398407681509076	0.03586956380985245	7.0	198552
JUN	0.31298845227441846	0.8634808997305538	0.3329884522744185	0.08596776034925502	10.0	198552
JUN::JUNB	0.26798080627497495	1.4869779618375703	0.28798080627497497	0.045022358732736585	11.0	198552
JUNB	0.2843305955874582	3.8603796935040995	0.31433059558745824	0.07041502566855781	9.0	198552
JUND	0.2774328398776275	3.984159141601749	0.3074328398776275	0.03729495586150389	9.0	198552
Jra	0.30626416216384555	1.2365350579589287	0.3262641621638456	0.007744791006422655	10.0	198552
Jun	0.3189660062513035	2.1619570947431628	0.3489660062513035	0.020416966283211872	8.0	198552
KAN1	0.3821293268392386	1.3982431940028577	0.41212932683923864	0.0037170055981442384	6.0	198552
KAN2	0.2769796707629402	12.841862323235295	0.35697967076294024	0.0075039211978559445	10.0	198552
KAN4	0.2594127684227219	5.975781814788165	0.29941276842272185	0.0026269062313390495	8.0	198552
KLF1	0.2661278327353655	9.845058704356092	0.3261278327353655	0.010804051886591991	8.0	198552
KLF10	0.2407764466515393	13.405981360627107	0.3107764466515393	0.03091184438610273	9.0	198552
KLF11	0.2580193370130966	10.003798381516042	0.3180193370130966	0.08963775605850643	10.0	198552
KLF12	0.2426804479708179	15.144993166811021	0.3126804479708179	0.00021828635120751464	9.0	198552
KLF13	0.23244773642274466	5.425984221284408	0.26244773642274466	0.04068088301045027	17.0	198552
KLF14	0.26478860326417175	7.647397019665282	0.31478860326417174	0.004714909353822584	9.0	198552
KLF15	0.113037878249766	31.38991262233798	0.31303787824976603	0.009176504356923144	8.0	198552
KLF16	0.2252373159899825	16.078837694615373	0.3052373159899825	0.078185269751344	11.0	198552
KLF17	0.2352698389931847	13.550631638257208	0.2952698389931847	0.05908565446031988	14.0	198552
KLF3	0.20994334589639538	22.099035227545375	0.2999433458963954	0.006493926403152629	10.0	198552
KLF4	0.2649704945254015	9.431276900073753	0.3249704945254015	0.002565249984003301	8.0	198552
KLF5	0.2713884488829304	6.7139916433742455	0.3113884488829304	0.05234178111554418	10.0	198552
KLF6	0.2648447887288273	13.747222311574562	0.3348447887288273	0.015025863162044656	9.0	198552
KLF7	0.2249108437464254	21.979190167177222	0.3349108437464254	0.07297284866361316	8.0	198552
KLF9	0.23095393788914798	13.930909637852212	0.290953937889148	0.041250930632703305	11.0	198552
KUA1	0.3737482390616635	0.4383224115505279	0.3837482390616635	0.02934841200683145	8.0	198552
Kah	0.3217210851453986	1.2547755665841218	0.3417210851453986	0.0022534927807981785	10.0	198552
Klf1	0.29584772421430894	5.694382278313686	0.3358477242143089	0.032180945604486574	10.0	198552
Klf12	0.2414523726974239	6.164060316611187	0.2814523726974239	0.1431903129531894	14.0	198552
Klf15	0.13493867083681016	27.07364090684035	0.20493867083681017	0.2565422305966585	22.0	198552
Klf3_8_12	0.2574174804761078	12.039383851835504	0.3174174804761078	0.08118189122886534	9.0	198552
Klf4	0.24971572397089162	12.57628980972365	0.30971572397089164	0.05493596122605303	10.0	198552
Klf5-like	0.2770813197926756	15.210093659553237	0.36708131979267555	0.00802453587696829	7.0	198552
Klf6-7-like	0.15206847823531655	27.674139294059316	0.25206847823531653	0.027896307043706277	20.0	198552
Kr	0.31157786785452607	3.649931863336307	0.35157786785452605	0.0630891891659595	9.0	198552
LBD13	0.2752568853671084	11.818564985046914	0.3452568853671084	2.2805604998776327e-07	8.0	198552
LBD18	0.3269346743098022	1.862354587881495	0.34693467430980224	0.0775273493573546	8.0	198552
LBX1	0.260100535036952	16.45927814648646	0.35010053503695204	0.042793739125724255	7.0	198552
LBX2	0.31824759883476006	5.047301332740473	0.36824759883476005	0.00011189012536932675	6.0	198552
LEC2	0.3713563092861822	0.7612513286527716	0.3913563092861822	0.003234139088660345	6.0	198552
LEF1	0.2769429748074735	4.556995969013692	0.30694297480747346	0.01703397733178934	15.0	198552
LEP	0.1958657598119909	23.2927124986545	0.2858657598119909	0.027165989065189983	10.0	198552
LEU3	0.23327029613823394	14.117985171783175	0.303270296138234	0.052178411192448856	10.0	198552
LFY	0.1621475837567209	6.814520822418118	0.18214758375672088	0.002056776397493398	19.0	198552
LHX1	0.21168572399878685	28.322258810824614	0.39168572399878687	0.0027386935913833775	8.0	198552
LHX2	0.29145591076960814	13.844835941043216	0.3914559107696082	0.00048086966458343747	6.0	198552
LHX5	0.255949456818368	13.788101555103315	0.335949456818368	0.06582084312017004	7.0	198552
LHX6	0.21176406888848098	14.440160988394053	0.281764068888481	0.08390870490900243	8.0	198552
LHX9	0.24933578780239	13.357538177984067	0.32933578780239	0.03855455703908372	7.0	198552
LHY	0.3149755520227194	6.811407637870098	0.36497555202271936	0.0017145104127545873	9.0	198552
LIN54	0.15213645113350824	33.78878557929108	0.32213645113350825	0.0552469170390204	7.0	198552
LMX1A	0.19858541484774217	25.50535479497775	0.3285854148477422	0.01787154959617747	7.0	198552
LMX1B	0.17277130707923738	28.23098691331832	0.3027713070792374	7.538388497066297e-07	8.0	198552
LOB	0.15925300523500155	23.278830107447074	0.22925300523500156	0.07947434322796099	13.0	198552
LRL2	0.24385112298493603	7.285954275248643	0.28385112298493603	0.12022182847589613	15.0	198552
LYS14	0.3851662925839212	0.017133439842209216	0.3851662925839212	0.017133439842209216	7.0	198552
Lef1	0.3503336253334616	1.3989746401092027	0.3703336253334616	0.03188388907890771	8.0	198552
Lg3	0.33245290052327525	1.9411189253449266	0.3624529005232753	0.01574149907625269	7.0	198552
Lhx1	0.20467342468259522	13.745534324405703	0.26467342468259525	0.02837590827565516	10.0	198552
Lhx3	0.19027327038535277	25.999160768766647	0.2902732703853528	0.015974950812518575	12.0	198552
Lhx3_4	0.12390259668595299	30.986304094678633	0.363902596685953	0.013930751335864347	6.0	198552
Lhx4	0.2576368735181308	20.70030009328917	0.3776368735181308	0.046462346030426316	6.0	198552
Lhx8	0.207856848967125	17.963300632419042	0.297856848967125	0.002773112980423912	6.0	198552
Lim3	0.31030561246734834	8.547397042071918	0.38030561246734834	0.0006377449998090127	6.0	198552
LjSGA_053525.1	0.23002696963776303	18.775136288186257	0.31002696963776305	0.004347907499441447	8.0	198552
LjTCP20	0.29832877885910364	5.087774369166925	0.3383287788591036	0.04279850806143349	8.0	198552
Lmx-b	0.11279642898113419	29.666015697278024	0.35279642898113417	0.03359945341495994	7.0	198552
M1BP	0.2760100070697395	1.26220578311845	0.2960100070697395	0.054151778056151095	11.0	198552
MAC1	0.37007456914229186	0.1262398072990351	0.3800745691422919	0.025123933069129523	8.0	198552
MAF	0.22706309826387985	3.3301811994718418	0.24706309826387984	0.039503992101829824	13.0	198552
MAF::NFE2	0.3120022311212963	0.86439756157918	0.32200223112129633	0.08275353307614651	11.0	198552
MAFA	0.22193310896598933	3.323218523533679	0.24193310896598932	0.0041842829831826665	13.0	198552
MAFF	0.3270707227954204	0.5646443592729743	0.3370707227954204	0.01646600120051445	11.0	198552
MAFG	0.3091366704565032	1.4179852062843554	0.32913667045650324	0.01594858951133105	14.0	198552
MAFG::NFE2L1	0.3001165308504034	0.7251945491336049	0.3101165308504034	0.03394145964961263	11.0	198552
MAFK	0.29926698549047914	0.8670320185365554	0.30926698549047915	0.09479339596755691	10.0	198552
MATALPHA2	0.2703831842973496	10.049140731218412	0.3303831842973496	0.005272555466841	8.0	198552
MAX	0.3004584845598212	3.0665244623588452	0.3404584845598212	0.03867560148308586	6.0	198552
MAX::MYC	0.27770513478784675	2.2914383027386664	0.29770513478784677	0.05648241714246893	10.0	198552
MAZ	0.2749920310636745	12.704461115850748	0.3449920310636745	0.018398741689789503	8.0	198552
MBD2	0.3814034045975353	5.391824103284206	0.4514034045975353	0.021197306030800417	5.0	198552
MBP1	0.23045275764174591	23.01372399930735	0.34045275764174593	0.0007920006319853122	5.0	198552
MBP1::SWI6	0.32136070210314155	2.567104570317714	0.3513607021031415	0.015216641420219902	7.0	198552
MCM1	0.26169299578919647	3.2375161948491247	0.2916929957891965	0.07848818459610064	12.0	198552
MEF2A	0.2028819531495368	23.471553477668945	0.3228819531495368	0.05896694705537996	10.0	198552
MEF2B	0.23092548784806485	14.237157658961598	0.30092548784806483	0.08342836027411245	12.0	198552
MEF2C	0.19370862955362608	26.144954591772677	0.3137086295536261	0.0014205661420251606	11.0	198552
MEF2D	0.2141851380892546	18.88643480757734	0.2841851380892546	0.1045758014075129	12.0	198552
MEIS1	0.3046675848744261	6.397872636504828	0.35466758487442607	0.022225201986971997	9.0	198552
MEIS2	0.2647529440605008	13.962641550567724	0.3347529440605008	0.023624528097366277	9.0	198552
MEIS3	0.3712720676313798	0.8624816423089084	0.39127206763137984	0.0007618017536222299	7.0	198552
MEOX1	0.2825122297263665	3.6827497254766213	0.3125122297263665	0.06534868869010547	7.0	198552
MEOX2	0.2745899573125477	12.25045893401363	0.3545899573125477	0.009657805185325418	7.0	198552
MET28	0.33196617534054984	11.089565913945837	0.4219661753405498	0.0007493241147748436	6.0	198552
MET31	0.34310147999993945	13.671310939420032	0.42310147999993947	0.005780336905642069	6.0	198552
MET32	0.374076195901749	5.992375473425513	0.444076195901749	0.02405020826059737	6.0	198552
MGA	0.3243682692135228	4.812610793319725	0.3743682692135228	0.05682713928374923	8.0	198552
MGA1	0.3434554275493464	2.0527149660910577	0.37345542754934635	0.008840255948711215	9.0	198552
MGA::EVX1	0.33925291429601234	0.8429375393391589	0.35925291429601236	0.050224790123364796	11.0	198552
MGP	0.30983281649737204	1.891160791054337	0.32983281649737206	0.014485526898311693	13.0	198552
MITF	0.23605538724858738	7.5876470580964925	0.27605538724858736	0.00927674634084156	10.0	198552
MIXL1	0.24730812642876085	21.379488795515638	0.3673081264287609	0.01112128903665845	6.0	198552
MLX	0.2800767973004669	2.668130729301132	0.3100767973004669	0.10613535913576097	10.0	198552
MLXIPL	0.3239218612864768	3.48360374987292	0.3639218612864768	0.03699434383068349	8.0	198552
MNB1A	0.40450067322473604	9.804552522564972	0.514500673224736	0.0011231701550222452	5.0	198552
MNT	0.35659721675480394	1.7032879463320294	0.38659721675480396	0.009476905786715149	6.0	198552
MNX1	0.270888995808048	12.494506382007188	0.360888995808048	0.0018171484759837277	6.0	198552
MOT3	0.39376012568450275	6.083696532571483	0.47376012568450276	2.1066756978851616e-06	6.0	198552
MSANTD3	0.34658303317218375	3.245848892564336	0.38658303317218373	0.004707227652691417	7.0	198552
MSC	0.29941023784164805	2.061607018311427	0.31941023784164807	0.06935033435513042	10.0	198552
MSGN1	0.253671004221572	7.6634624232270605	0.303671004221572	0.0749683914566295	10.0	198552
MSN2	0.2429230821424784	25.460733919614164	0.3729230821424784	0.0031295398448354015	5.0	198552
MSN4	0.29873342966093186	11.954244193598711	0.39873342966093184	0.0001908778613193069	5.0	198552
MSX1	0.2597249893498243	13.688614188436132	0.3397249893498243	0.015507588871608973	6.0	198552
MSX2	0.27900297016690184	8.878107377885774	0.33900297016690184	0.02960647595033669	6.0	198552
MTF1	0.2571686538735043	3.998436720315727	0.2871686538735043	0.07361437595034429	14.0	198552
MXI1	0.2997813693613073	3.4567865661287622	0.33978136936130726	0.007036022751569802	6.0	198552
MYB	0.38508103690932605	0.03127919933927398	0.38508103690932605	0.03127919933927398	6.0	198552
MYB1	0.3713761170046733	0.07988709751970959	0.38137611700467333	0.04621196802234342	7.0	198552
MYB10	0.33101573925095007	1.4083891036830494	0.3510157392509501	0.004624943907044226	10.0	198552
MYB101	0.3525403680481772	3.020664725286991	0.39254036804817716	0.056447519432878096	9.0	198552
MYB105	0.3118881846931064	1.6254152152822248	0.33188818469310644	0.00012125471713132402	13.0	198552
MYB107	0.3362182527202672	1.5671961677835402	0.3562182527202672	0.045477752576915303	8.0	198552
MYB108	0.29849758354241707	2.8893823815313096	0.3284975835424171	0.006609310105689976	10.0	198552
MYB111	0.34208224811140825	0.758811701345702	0.36208224811140827	0.03283803053171956	8.0	198552
MYB113	0.30987936381094217	6.108085714284282	0.35987936381094215	0.06606285427826081	10.0	198552
MYB116	0.32561092400281494	0.7950369258364852	0.34561092400281496	0.08263095638245674	10.0	198552
MYB118	0.30227951461780866	1.5493301488404807	0.3222795146178087	0.009320946080924805	12.0	198552
MYB119	0.329707121710959	1.2158505835248852	0.349707121710959	0.007609223851707787	10.0	198552
MYB121	0.35337256810776496	0.5858618187434876	0.36337256810776497	0.0653196547972504	9.0	198552
MYB124	0.2940720659928493	7.370911293025441	0.3540720659928493	0.01206558256160988	7.0	198552
MYB13	0.30256393463476383	2.633619220352019	0.33256393463476386	0.03278837109707134	10.0	198552
MYB17	0.309017929909156	3.4583021258877045	0.339017929909156	0.02715166481406241	11.0	198552
MYB23	0.385633905324359	0.7867427878250473	0.405633905324359	0.009951333408812381	6.0	198552
MYB24	0.3421191226646357	1.9454466551185428	0.37211912266463565	0.0034923956415649823	7.0	198552
MYB27	0.3024188276015033	2.1006913476515456	0.3224188276015033	0.01154308994340016	12.0	198552
MYB3	0.37736518377828326	0.24500476173238095	0.3873651837782833	8.412561400409954e-07	8.0	198552
MYB30	0.2913323230271223	7.540547189713167	0.3413323230271223	0.006670142097271483	12.0	198552
MYB31	0.2660694126184862	9.160546426877541	0.3160694126184862	0.0003821704447397741	15.0	198552
MYB33	0.303035448203803	1.5234618031081761	0.32303544820380303	0.0021949376788820397	10.0	198552
MYB39	0.29890418209501446	4.452922305058096	0.3289041820950145	0.05433867046728165	12.0	198552
MYB3R1	0.34175705373096216	0.6264706877209987	0.3617570537309622	0.06732113441567536	8.0	198552
MYB3R3	0.3260222277985162	0.024451215473242235	0.3260222277985162	0.024451215473242235	8.0	198552
MYB3R4	0.308790643069662	1.7741231230575127	0.328790643069662	0.0033660677577026996	12.0	198552
MYB3R5	0.29371454876849984	2.494579933404059	0.31371454876849986	0.055550890357843836	14.0	198552
MYB4	0.3348407921466429	1.8760546439346344	0.3648407921466429	0.039892870485861626	8.0	198552
MYB40	0.32549936124094897	1.8477710659039641	0.345499361240949	0.032510504360895025	10.0	198552
MYB41	0.3372851779325303	2.668190852667946	0.36728517793253035	0.0003022050089472373	10.0	198552
MYB43	0.31271650461812156	1.3870133827656745	0.3327165046181216	0.012230360451011026	12.0	198552
MYB44	0.3175581395510994	1.3372359926048896	0.3375581395510994	2.2391638868018644e-05	9.0	198552
MYB46	0.3416527306605388	0.49490308090282886	0.3516527306605388	0.022395032117101903	8.0	198552
MYB49	0.33073182883102537	2.6690817954462065	0.3607318288310254	0.003683525521968522	11.0	198552
MYB51	0.33433857132998024	1.3071251427263249	0.35433857132998026	0.0002735554151024619	11.0	198552
MYB52	0.35993777808344435	0.2546560399635924	0.36993777808344436	0.00031828694544664234	7.0	198552
MYB55	0.3283023297276144	0.7027757711327958	0.34830232972761443	0.06292434484169847	8.0	198552
MYB56	0.3197101512016969	3.1780820927134457	0.3497101512016969	0.019253808415448923	10.0	198552
MYB57	0.32005964720263447	0.5725298213518403	0.3300596472026345	0.02018080970726252	10.0	198552
MYB58	0.3162675558590077	1.954020828489088	0.3362675558590077	0.06260154084389816	9.0	198552
MYB59	0.35537842469164616	0.4868821981283224	0.36537842469164616	0.026808872899532536	8.0	198552
MYB60	0.30268311845557727	3.4436036005158406	0.3326831184555773	0.034117404103477925	10.0	198552
MYB61	0.3417659696713177	0.48854966155708446	0.35176596967131774	0.03189684200318236	8.0	198552
MYB62	0.36214682649942004	0.3982314034310755	0.37214682649942005	0.012204928508003863	9.0	198552
MYB63	0.2961793608799883	1.484810540761039	0.3161793608799883	0.0004753004103199011	11.0	198552
MYB65	0.34855302309091046	2.8276987281967125	0.38855302309091044	0.05624534428933776	8.0	198552
MYB67	0.33912321168720605	1.6760868565026983	0.35912321168720607	0.06208430830241217	8.0	198552
MYB70	0.32030972258877594	0.5851022823689231	0.33030972258877594	0.04477552427998585	7.0	198552
MYB73	0.32769529642048195	1.183647749978041	0.34769529642048197	1.0476725822586757e-07	8.0	198552
MYB74	0.318814874479557	1.7888227080557637	0.338814874479557	0.03452499049744316	11.0	198552
MYB77	0.3402850569381126	0.4229142101728834	0.3502850569381126	0.007798230827682622	9.0	198552
MYB80	0.3117948822089498	3.827498411313176	0.3417948822089498	0.07260646276158936	12.0	198552
MYB81	0.33063994299568183	4.608723586751045	0.3706399429956818	0.025893119023896283	9.0	198552
MYB83	0.3507026144868265	3.0110978971162243	0.39070261448682647	0.005116092605120784	8.0	198552
MYB88	0.2786329924770875	9.064214698070966	0.3386329924770875	0.040377831163444684	9.0	198552
MYB92	0.39215389216390334	0.2785685570257284	0.40215389216390335	0.004849262380798302	7.0	198552
MYB93	0.34588565595509785	0.6253544645142555	0.35588565595509786	0.07052386771045835	8.0	198552
MYB94	0.30597667162178943	3.375684712088873	0.33597667162178946	0.021223601725922914	10.0	198552
MYB96	0.28006307154262966	4.915412617404172	0.32006307154262964	0.03747915055105578	11.0	198552
MYB98	0.35232893819239475	0.1591991435778501	0.36232893819239476	0.017284625214380563	8.0	198552
MYB99	0.3771183585016455	0.04221856179575159	0.3771183585016455	0.04221856179575159	8.0	198552
MYBL1	0.2553677028645548	3.2044714941050016	0.2753677028645548	0.11690123932895012	12.0	198552
MYBL2	0.23295003059552866	5.333928659449146	0.2629500305955287	0.06579099630473235	15.0	198552
MYC	0.27343310998969445	5.481485626889422	0.3134331099896944	0.017992459450702575	8.0	198552
MYC2	0.25161648921854896	4.306280322030139	0.281616489218549	0.01291985724975744	8.0	198552
MYC3	0.28282457919953896	2.757349126464462	0.312824579199539	0.006490447305171369	6.0	198552
MYC4	0.3140204226101596	1.736933074777272	0.34402042261015964	0.05637062685654332	7.0	198552
MYCN	0.2360186476833564	9.958829625770731	0.2860186476833564	0.08284749849885473	8.0	198552
MYF5	0.2877122710036462	5.3619039399091015	0.3277122710036462	0.030884798799801997	8.0	198552
MYF6	0.2791278854538131	5.0410023777769215	0.3191278854538131	0.037431414212761	10.0	198552
MYOD1	0.30855409726742405	3.2062330730874944	0.338554097267424	0.007162917835266705	9.0	198552
MYOG	0.2588110868243369	5.392916453558667	0.2988110868243369	0.02843912295131108	8.0	198552
MYR2	0.3603930813601314	0.7940701496783267	0.3803930813601314	0.00553299749531083	8.0	198552
MZF1	0.35069365349217785	0.7662880817813497	0.37069365349217787	0.036369950350269714	8.0	198552
Macho-1	0.2793707898010578	22.20083195201757	0.4293707898010578	0.030145257611042094	5.0	198552
Mad	0.17240403695796835	25.144556356240408	0.24240403695796836	0.020298441208733503	15.0	198552
Mafb	0.3292279925551665	1.510323027812078	0.3492279925551665	0.014504432130909009	11.0	198552
Mafg	0.2674344890953684	1.92953618672497	0.2874344890953684	0.01566892252139669	12.0	198552
Max	0.26502233323138386	3.160189844625849	0.2950223332313838	0.012472207306016444	6.0	198552
Mecom	0.28954742507343934	5.536692034277096	0.3295474250734393	0.02123570142582567	11.0	198552
Meis	0.37337115273456806	0.7534177053715965	0.3933711527345681	0.0006716341484574086	6.0	198552
Meis1	0.3070281028595834	3.5018981071163617	0.3370281028595834	0.006524582868591584	12.0	198552
Meox	0.25627460937143637	17.24488831297687	0.36627460937143635	0.006957628311707015	6.0	198552
Mitf	0.32197035610983393	2.4182824094742816	0.35197035610983396	0.0054984657784222565	7.0	198552
Mlxip	0.24015218462668925	30.46019184090542	0.33015218462668927	0.029517745242982427	6.0	198552
Mnt	0.28715831093565575	1.7216462177375953	0.30715831093565577	0.04325633218624741	7.0	198552
Mnx	0.13849542242463972	30.149692105728267	0.36849542242463973	0.024830186384571032	6.0	198552
Msgn1	0.335755022815149	1.6398335518892184	0.35575502281514904	0.04949974505132769	10.0	198552
Msx	0.2134542175644862	25.543641881029874	0.3634542175644862	0.011407398780112172	6.0	198552
Msx3	0.24061638148502798	23.250821107293163	0.37061638148502796	4.4976663941785954e-05	6.0	198552
Myb	0.3372662636983995	1.7770148022259027	0.35726626369839953	0.03858981358841276	10.0	198552
Myc	0.29167117226593176	5.5761187413319515	0.33167117226593174	4.770999127923406e-05	10.0	198552
Mycn	0.3099953599534662	2.2657211834496116	0.3399953599534662	0.0343715576091713	8.0	198552
Myod1	0.28037793056078375	5.715959502471736	0.32037793056078373	0.0005335653891400084	11.0	198552
NAC002	0.36139135188225585	0.3185772732479673	0.37139135188225586	0.003039963220840085	8.0	198552
NAC004	0.40155568245014905	0.2931737595232766	0.41155568245014906	0.009945683215596692	7.0	198552
NAC005	0.23593267981410038	10.46727677012995	0.28593267981410037	0.14168921890083333	19.0	198552
NAC007	0.39768550660731267	0.45151414340728113	0.4176855066073127	0.04666567414267385	7.0	198552
NAC010	0.21458722364311472	9.490103045247498	0.2545872236431147	0.014732287906686244	21.0	198552
NAC011	0.23272002883460188	6.046452218030088	0.2627200288346019	0.005447495520872134	21.0	198552
NAC013	0.2288962590762767	5.745598679220291	0.25889625907627667	0.00013743829689027325	19.0	198552
NAC016	0.2601259050827769	2.748535083670901	0.2801259050827769	0.006441399533437771	15.0	198552
NAC017	0.39388066067052585	0.9612944075120091	0.41388066067052587	0.009357693116120197	7.0	198552
NAC018	0.35034681654880456	1.8630732592401067	0.38034681654880453	0.041190664572705905	10.0	198552
NAC019	0.40418502606037593	0.8808828088489594	0.42418502606037595	0.006998760178266558	7.0	198552
NAC020	0.2231462809260837	8.513669588006413	0.2531462809260837	0.18799757040612994	21.0	198552
NAC025	0.34619241828713887	0.3175791975413484	0.3561924182871389	3.7799765538813055e-05	8.0	198552
NAC028	0.3875931334718778	0.873070946345986	0.4075931334718778	0.0035246378447462744	7.0	198552
NAC029	0.37071315300968793	0.5800237317337305	0.39071315300968795	0.050078769731388244	8.0	198552
NAC031	0.24402281948235338	6.44927352490269	0.2740228194823534	0.14897494389921742	19.0	198552
NAC035	0.3820594636094687	0.16325445862914612	0.3920594636094687	0.005736933940965152	7.0	198552
NAC037	0.3830092032112532	0.42233718332022663	0.3930092032112532	0.0378439552222132	7.0	198552
NAC038	0.2417619709271804	5.514848048550321	0.2717619709271804	0.00016823861272262787	19.0	198552
NAC043	0.3330789754125296	2.398375441046216	0.36307897541252965	0.0002127339648000012	8.0	198552
NAC045	0.3450731036388856	2.6803583278816334	0.3750731036388856	0.05210153479395961	8.0	198552
NAC046	0.36422382794350855	0.3345748857249784	0.37422382794350856	0.0043952360443487775	8.0	198552
NAC047	0.34134553314852023	1.90763040459297	0.37134553314852026	0.0634900759245983	10.0	198552
NAC050	0.37451566737244	0.8252653425978085	0.39451566737244004	0.0007397466593976674	8.0	198552
NAC053	0.4055543244925399	0.07493373975792633	0.41555432449253993	0.027921810244305945	7.0	198552
NAC054	0.24823299084135012	3.7949907377791243	0.2682329908413501	0.12563283791759583	19.0	198552
NAC055	0.3638214396331312	0.9143684452646652	0.3838214396331312	0.0002602781319817969	8.0	198552
NAC057	0.38144474469715534	0.37350378790460576	0.39144474469715534	0.02492403891596799	7.0	198552
NAC058	0.2302775629227631	7.123131414861006	0.2602775629227631	0.0557642967653925	19.0	198552
NAC062	0.37607630491769195	3.1452132374831656	0.41607630491769193	0.021761755313494644	7.0	198552
NAC071	0.2692430191208271	4.674611109301746	0.29924301912082707	0.002718807610567402	15.0	198552
NAC073	0.27081079332348784	5.192427287564322	0.3008107933234878	0.11560452218388696	15.0	198552
NAC075	0.218678986449889	8.368004153086945	0.248678986449889	0.0846292619971323	20.0	198552
NAC076	0.4016867795985245	0.6119291135642848	0.4216867795985245	0.0037881442889747185	7.0	198552
NAC078	0.40289823425063526	0.16691894074217067	0.41289823425063527	0.0011496217211312892	7.0	198552
NAC079	0.35016533178174236	0.25248282235269576	0.36016533178174237	0.0006800972264812026	8.0	198552
NAC083	0.36410549884445215	1.377440450303892	0.38410549884445216	0.03858840720597591	7.0	198552
NAC087	0.24016166568012412	5.742465321801327	0.2701616656801241	0.0036012950608863706	19.0	198552
NAC094	0.2157439335962713	12.941810211869932	0.2657439335962713	0.03838015123115159	16.0	198552
NAC096	0.3823590094207959	0.9808367441456	0.40235900942079594	0.0055455158957930396	7.0	198552
NAC098	0.2583363383436732	3.9802524641162877	0.2883363383436732	0.08798716141775291	16.0	198552
NAC101	0.377487827581735	1.6657654526722236	0.40748782758173496	2.537435425880396e-05	7.0	198552
NAC103	0.38756196697481204	0.11787353543524409	0.39756196697481205	0.013419190906836433	7.0	198552
NAC105	0.3457452770390323	2.5902971602636935	0.37574527703903227	0.030368351426523627	9.0	198552
NAC68	0.357072611652867	4.15191809234591	0.397072611652867	0.04004340925604613	8.0	198552
NAC69	0.37384572214959877	0.05757269852903382	0.37384572214959877	0.05757269852903382	8.0	198552
NAC92	0.37667745218176596	2.26966253039201	0.406677452181766	0.026139282783384253	8.0	198552
NCU00019	0.22536237588186	26.769639023418996	0.39536237588186	0.03463567393806316	7.0	198552
NCU02182	0.3928480020734108	0.10357584321520656	0.4028480020734108	0.018514691441988453	7.0	198552
NDT80	0.31546623597906304	2.590587186692809	0.345466235979063	8.709187046729905e-05	9.0	198552
NEUROD1	0.35227827985090066	0.6739867393407154	0.3722782798509007	0.034763823712355965	8.0	198552
NEUROD2	0.2762245766631285	5.357915967908563	0.3162245766631285	0.009382608002168526	10.0	198552
NEUROG1	0.2359081673395809	6.081334787936932	0.2659081673395809	0.09397453736590293	10.0	198552
NEUROG2	0.3785592035426255	0.2733504440988852	0.3885592035426255	0.0025356794353744486	7.0	198552
NFAT5	0.30923888879048494	9.743761562945528	0.37923888879048495	0.001448046345465451	8.0	198552
NFATC1	0.37152182225283553	1.2638331118707145	0.39152182225283555	0.036997535648442575	8.0	198552
NFATC2	0.4213436581782147	0.5212024897087112	0.4413436581782147	0.011810341674685327	7.0	198552
NFATC3	0.355841894115775	5.382283092937511	0.415841894115775	0.010661499526594318	6.0	198552
NFATC4	0.3529009581434582	0.7681450829105133	0.3729009581434582	0.02376445328416828	9.0	198552
NFE2	0.2646824156882071	3.2752579429016646	0.2946824156882071	0.04371097128485979	10.0	198552
NFE2L2	0.31714674024358397	1.366719326754752	0.337146740243584	0.0037681317919141494	11.0	198552
NFIA	0.3132494387431944	8.900289582200475	0.3932494387431944	0.03397392548161044	6.0	198552
NFIB	0.19059474481899133	18.672667388338883	0.25059474481899136	0.07695731735943322	17.0	198552
NFIC	0.22191385433770558	8.66799345867376	0.2619138543377056	0.0002568434568506174	15.0	198552
NFIC::TLX1	0.2383231155788651	5.636995438193872	0.2683231155788651	0.00937671649005138	14.0	198552
NFIL3	0.2706025306316729	11.740647353415234	0.3406025306316729	0.06590378127574562	9.0	198552
NFIX	0.2036854150249907	17.497246741084783	0.2636854150249907	0.08091147760972543	14.0	198552
NFKB1	0.18515375371611437	11.540111017568664	0.22515375371611437	0.007804441802767604	13.0	198552
NFKB2	0.19081316437821338	13.483507406278095	0.24081316437821337	0.05307243747870841	11.0	198552
NFYA	0.34057551486328475	0.398600570905236	0.35057551486328475	0.0062088187385143665	8.0	198552
NFYB	0.32630840287383167	1.1646024530874333	0.3463084028738317	0.00039205859376848965	9.0	198552
NFYC	0.37786809841503527	0.04844527801494309	0.37786809841503527	0.04844527801494309	7.0	198552
NFkb	0.20581505505746825	13.301919718374132	0.25581505505746827	0.05994090142271732	11.0	198552
NHLH1	0.2823054674320627	6.269490085621276	0.3323054674320627	0.027886896461899974	9.0	198552
NHLH2	0.21593678103390074	12.484274352140487	0.2659367810339007	0.09266787092127367	16.0	198552
NHP10	0.17165409304707768	38.15086726204112	0.3416540930470777	0.0036532138398649287	8.0	198552
NID1	0.39220193223429783	1.0057648436115227	0.41220193223429785	0.02698536441092525	6.0	198552
NK7.1	0.18807168658969742	32.36255658421106	0.38807168658969743	0.0482531576393674	7.0	198552
NKX2-2	0.37254347693336126	0.11111523329935352	0.38254347693336127	0.024634300198771667	8.0	198552
NKX2-3	0.37927298314103647	0.21742643933905673	0.3892729831410365	7.242672724345898e-06	8.0	198552
NKX2-4	0.36300555892393155	1.7560505063927354	0.3930055589239315	0.0035268808708696316	8.0	198552
NKX2-5	0.3614790895582803	0.4953458853984615	0.3714790895582803	0.044973932252201775	7.0	198552
NKX2-8	0.327570461078274	2.8138722298259933	0.35757046107827395	0.01828080171133121	8.0	198552
NKX3-1	0.2802652606024508	13.274563353341218	0.3702652606024508	0.0481685898743004	7.0	198552
NKX3-2	0.36255173068609803	0.9379962188274205	0.38255173068609805	6.885454899026743e-06	8.0	198552
NKX6-1	0.24271281294648375	22.319993867922697	0.37271281294648373	0.03216618119064131	7.0	198552
NKX6-2	0.2250980022729683	24.621918289583274	0.3850980022729683	0.0395533606472336	6.0	198552
NKX6-3	0.2652079312568749	9.096713766840777	0.3252079312568749	6.258192958267784e-05	8.0	198552
NLP7	0.31852689863693245	4.261617415480905	0.35852689863693243	0.0012267259133048646	8.0	198552
NOTO	0.27321947005164965	13.623619878615402	0.3632194700516497	0.0029783093290265154	7.0	198552
NR1D1	0.2500241321057224	2.6559879979316623	0.2700241321057224	0.0029988496162697592	14.0	198552
NR1D2	0.25067404909783764	1.9172238465308595	0.27067404909783765	0.07306328302618771	15.0	198552
NR1H2::RXRA	0.25250498539815286	0.5213178752834576	0.26250498539815287	0.05625499945249477	17.0	198552
NR1H4	0.326553688386103	0.29226134825694455	0.336553688386103	0.0067781728481410616	10.0	198552
NR1H4::RXRA	0.2310459763258904	2.8273612222996922	0.25104597632589043	0.0004657110278371312	13.0	198552
NR1I2	0.2397923800731323	7.027579036161043	0.2797923800731323	0.10853002277523838	15.0	198552
NR1I3	0.3464777853542224	1.6804252474431423	0.3764777853542224	0.046085337560947195	8.0	198552
NR2C1	0.37655861232123566	3.5871741692989687	0.42655861232123565	0.03022903592115461	6.0	198552
NR2C2	0.3766099620736755	1.9905413689065439	0.4066099620736755	0.03080353241076165	6.0	198552
NR2F1	0.24525576812788408	2.383368230448079	0.2652557681278841	0.004035158717729195	13.0	198552
NR2F2	0.3723030601466315	0.038016477636602694	0.3723030601466315	0.038016477636602694	7.0	198552
NR2F6	0.1963975770809901	7.202303902682545	0.2263975770809901	0.04595730135364595	15.0	198552
NR3C1	0.22148271395778715	6.175395594416528	0.25148271395778715	0.005897313056361424	15.0	198552
NR3C2	0.22563314232498663	6.291200563226128	0.25563314232498663	0.0013792153213069752	15.0	198552
NR4A1	0.34277914126217945	0.7793698392662107	0.36277914126217947	0.028614291495334045	8.0	198552
NR4A2	0.3571813551530196	0.4445537465202813	0.3671813551530196	0.026086978717818936	8.0	198552
NR4A2::RXRA	0.23332275678468806	2.9903971759030887	0.2533227567846881	0.002686414480076545	13.0	198552
NR5A1	0.2906070151409044	0.9261448088560065	0.30060701514090443	0.07546653979866567	12.0	198552
NR6A1	0.2619455600629354	1.318105257268547	0.2819455600629354	0.13578748799986676	14.0	198552
NRF1	0.1943406348504325	19.08396125754651	0.26434063485043247	0.07957673439487918	11.0	198552
NRG1	0.27519227880014624	10.811281405166488	0.34519227880014625	0.02231535977947298	8.0	198552
NRL	0.316893575415144	0.8991918502724475	0.326893575415144	0.09293678972562926	12.0	198552
NSI1	0.3032501231123007	0.5435213166364882	0.3132501231123007	0.011193800084556746	10.0	198552
NTL8	0.3593498684181134	1.6890714809020306	0.38934986841811337	0.024895145969451082	8.0	198552
NTL9	0.2740334427444415	6.690342469049317	0.3240334427444415	0.047539165885189465	9.0	198552
NUC	0.32694910516651204	1.6072921603937371	0.34694910516651206	0.009621020660950334	12.0	198552
Nanog	0.3517750407590868	0.7792064180032802	0.3717750407590868	0.008346980147735548	7.0	198552
Neurod2	0.3546307648022259	0.7020391352726244	0.3746307648022259	0.03019230895103369	8.0	198552
Neurog1	0.29709531335727835	4.332390201880373	0.3370953133572783	0.018624620609340187	10.0	198552
Nfat5	0.3244864981542682	2.9227608044528877	0.35448649815426825	0.032609184786603435	8.0	198552
Nfatc1	0.40060690275426963	0.6718289192151111	0.42060690275426965	0.00013622527825867743	6.0	198552
Nfatc2	0.36490554335828224	0.6823545716788628	0.38490554335828225	0.021660610999128953	8.0	198552
Nfe2l2	0.3181585770491663	1.2239306637513854	0.3381585770491663	0.016225766140914966	11.0	198552
Nk-1	0.3650698815734076	3.4875238227508505	0.40506988157340756	0.022856542227504776	6.0	198552
Nk-3	0.1461818086344268	30.525321173943972	0.36618180863442684	2.4946754228625377e-05	6.0	198552
Nkx2-1	0.375827974441059	0.046818876719740055	0.375827974441059	0.046818876719740055	7.0	198552
Nkx2-5	0.3308500852833287	6.305937603290068	0.3908500852833287	0.04740339745423398	7.0	198552
Nkx3	0.17053107544862606	28.772356809527338	0.3805310754486261	0.018337399746573457	6.0	198552
Nkx3-1	0.3871935454327388	0.5582481737074886	0.40719354543273883	0.015551546579928216	7.0	198552
Nkx3-2	0.3483481677262966	1.43920204702472	0.36834816772629664	0.030103575976690795	10.0	198552
Nobox	0.21686863165691056	27.694799930358446	0.38686863165691054	0.037455435629415806	6.0	198552
Noto	0.2658603596241678	16.759047716539246	0.36586035962416785	0.020088090349627125	6.0	198552
Npas2	0.3341452840368948	1.1751717787652833	0.3541452840368948	0.00032442298408596803	8.0	198552
Npas4	0.37167655200216	1.0910371840803765	0.39167655200216	0.02063729110694322	7.0	198552
Nr1H2	0.39934519369062904	0.010145597458802683	0.39934519369062904	0.010145597458802683	6.0	198552
Nr1H4	0.38959665585013686	0.03617054176584678	0.38959665585013686	0.03617054176584678	6.0	198552
Nr1h3	0.39131166529814176	0.926469843921701	0.4113116652981418	0.0038156319155231164	6.0	198552
Nr1h3::Rxra	0.2443115727408885	5.884875076824105	0.27431157274088847	0.09786268629393138	16.0	198552
Nr2F6	0.2586848416082707	0.35280956844112116	0.2686848416082707	0.059682615347505415	15.0	198552
Nr2e1	0.2831631060712885	8.025686373712915	0.33316310607128846	0.02318361805407825	9.0	198552
Nr2e3	0.32881788510103416	1.449444510837686	0.3588178851010342	0.012784824847760652	6.0	198552
Nr2f6	0.25553914582103887	1.4598152182200592	0.2655391458210389	0.14991960983275146	13.0	198552
Nr5A2	0.3360988866400757	0.5277272057892802	0.3460988866400757	0.028858767118508773	9.0	198552
Nr5a2	0.27260425026763174	4.649649206399305	0.3026042502676317	0.03908117122571955	15.0	198552
Nrf1	0.1953203224894799	19.084448492536332	0.2553203224894799	0.04188783321067052	12.0	198552
O11	0.322790088148775	2.083727237111693	0.352790088148775	0.0009649840579511165	6.0	198552
O2	0.2766820655071689	1.9774016146119426	0.2966820655071689	0.006149285744455432	12.0	198552
OAF1	0.2890937387807916	11.622293702991152	0.3590937387807916	0.003925951840142565	8.0	198552
OJ1581_H09.2	0.22872810508893993	15.279308393853798	0.30872810508893994	0.021958641109664258	6.0	198552
OLIG1	0.27783435908511495	3.5148231962170837	0.3078343590851149	0.0049893551835077325	10.0	198552
OLIG2	0.29017924544488305	4.17828839551465	0.33017924544488303	0.08875199237756645	10.0	198552
OLIG3	0.2817856859894534	4.503919009364694	0.31178568598945344	0.09290234709162291	10.0	198552
ONECUT1	0.29505556538828803	7.723653586883126	0.345055565388288	0.03712954218451465	9.0	198552
ONECUT2	0.31199730592717617	3.2288464596474844	0.34199730592717614	0.04487862518336953	8.0	198552
ONECUT3	0.26933696869798396	9.437690238649969	0.31933696869798395	0.05107517090797255	12.0	198552
OPI1	0.3950424715671807	0.9894138201806064	0.4150424715671807	0.0173995833725435	5.0	198552
OS02G0104500	0.3551984667204297	4.169651721284909	0.4051984667204297	0.00841869420446602	6.0	198552
OS04G0486400	0.4132981892517667	0.5411987539521265	0.4332981892517667	0.00060584121405641	5.0	198552
OSR1	0.31777595105548945	2.982122938723252	0.3477759510554894	0.013421103484141205	8.0	198552
OSR2	0.36069271174676104	0.3058843538951364	0.37069271174676105	0.0020861416684603037	8.0	198552
OTX1	0.35344019235684765	4.087118489723048	0.40344019235684764	0.008868442401465268	6.0	198552
OTX2	0.3580900084072697	1.5496918379920694	0.3880900084072697	0.02506248184770078	7.0	198552
OVOL1	0.33184739890283926	0.23077285021019295	0.3418473989028393	0.021779649234572825	10.0	198552
OVOL2	0.35744878383134887	0.7262670164097828	0.3774487838313489	0.014975060144000346	7.0	198552
OdsH	0.23380750337033412	26.576231910821583	0.36380750337033413	0.0063131890887802	7.0	198552
Olig2	0.27298381784375364	6.338139759074229	0.3129838178437536	0.05206948831510051	6.0	198552
Optix	0.4092070423851975	6.145457970471008	0.4792070423851975	0.008851846367310602	5.0	198552
OsCCA1	0.33270052591465415	5.040681719053718	0.38270052591465414	0.00023869750981049954	7.0	198552
OsEIL3	0.36578243451311715	1.9087846727858926	0.3957824345131171	0.00013314386960679283	8.0	198552
OsERF104	0.32902497218703214	5.778340797517479	0.38902497218703214	0.03521747223650308	5.0	198552
OsFBH1	0.3460617932966131	0.002153809177617966	0.3460617932966131	0.002153809177617966	7.0	198552
OsI_08196	0.2377840039673539	17.48484913788166	0.3177840039673539	0.07030451518070978	8.0	198552
OsMSL08	0.36788900068402314	2.240645978412489	0.4078890006840231	0.01828882662676633	6.0	198552
OsRR22	0.34014120040837276	0.6941136423466447	0.35014120040837277	0.07372972425012182	9.0	198552
OsTCP7	0.22870668524110513	16.956466307905128	0.3187066852411051	0.05485802181389398	6.0	198552
OsTRBF3	0.41712604567555067	0.22042060428020496	0.4271260456755507	0.0013609139286570118	7.0	198552
OsbZIP42	0.3005312074398737	0.7726895828718944	0.3105312074398737	0.06385698216766572	10.0	198552
OsbZIP69	0.27152837575335503	2.2294793144793794	0.29152837575335505	0.0058314700383964605	12.0	198552
OsbZIP77	0.2866386566384562	0.943385979110004	0.29663865663845623	0.08593497257844993	12.0	198552
Otp	0.11199669960705767	30.218816442053008	0.3319966996070577	0.06845897944750065	7.0	198552
Otx	0.3194715046176875	2.6038905745039553	0.3494715046176875	1.8529609886176163e-05	8.0	198552
P0510F09.23	0.4156166128196098	0.17079375023856283	0.42561661281960983	0.00034158105947800177	7.0	198552
PAX1	0.23216133871305406	2.8507123333767113	0.2521613387130541	0.003091022860279531	16.0	198552
PAX2	0.21164327389601995	6.425898711918755	0.24164327389601994	0.013567097941907887	16.0	198552
PAX3	0.266718797251782	1.53429970692184	0.286718797251782	0.09383626448450742	14.0	198552
PAX4	0.2392785852342455	23.14410387694572	0.3592785852342455	0.016240133685494693	8.0	198552
PAX5	0.280883733909439	6.730070590830189	0.330883733909439	0.002970663793242073	8.0	198552
PAX6	0.2594946104301564	1.8329989079980125	0.27949461043015644	0.02144381165999569	14.0	198552
PAX7	0.16170682668064776	29.0028413298589	0.2717068266806478	0.07645005183765949	10.0	198552
PAX8	0.21023061829522552	7.064259325684031	0.24023061829522552	0.000944262535120973	16.0	198552
PAX9	0.22690906171369854	3.241980064038375	0.24690906171369853	0.005414680127163853	16.0	198552
PBF	0.40825492380131145	6.878184787977439	0.4982549238013114	0.0067138741592417455	5.0	198552
PBX1	0.35592921057556304	0.5998331966039255	0.36592921057556305	0.06837689715141869	9.0	198552
PBX2	0.2522662944775629	15.964013739364596	0.3322662944775629	0.006346235579806626	9.0	198552
PBX3	0.29707580896944463	1.3524870657458494	0.31707580896944465	0.006579099550000731	11.0	198552
PC-MYB1	0.335595534329011	0.7668999661224526	0.35559553432901103	0.061562524280699055	9.0	198552
PDR1	0.22965259504745691	6.1643266688425475	0.2696525950474569	0.13630495879102336	10.0	198552
PDR3	0.19501516508215783	24.88962966036867	0.26501516508215783	0.10639226404049221	8.0	198552
PDR8	0.3762347010839095	0.4269083093084522	0.3862347010839095	0.025569593647105662	7.0	198552
PDX1	0.26055489184856656	17.592347850411286	0.37055489184856655	0.013245634392185077	6.0	198552
PGR	0.2519948401264382	8.19744890006207	0.3019948401264382	0.04182476323987964	9.0	198552
PHD1	0.307532962336116	7.479407128346457	0.367532962336116	0.010801140999061274	6.0	198552
PHL1	0.2909940442865075	4.114387059876842	0.32099404428650746	0.04355511671608029	12.0	198552
PHL11	0.23367602545343805	12.35521415314834	0.29367602545343807	0.039131446473394865	10.0	198552
PHL12	0.2480306575079237	7.940630632597642	0.28803065750792367	0.02857044377874518	12.0	198552
PHL2	0.3921870156298638	0.24693247573673277	0.4021870156298638	0.0036001347943617943	7.0	198552
PHL4	0.2874900987191432	6.244078083996482	0.3274900987191432	0.032575910471744254	10.0	198552
PHL7	0.2889681386411516	4.863814025084978	0.3189681386411516	0.08655876318313081	13.0	198552
PHO4	0.24537784149686911	3.3593956588465685	0.2753778414968691	0.07089130107613394	8.0	198552
PHOX2A	0.1431389186748511	28.908447879171206	0.2931389186748511	0.08617819322315577	11.0	198552
PHOX2B	0.14475467854951188	31.41788714678706	0.28475467854951186	0.01647405703279822	12.0	198552
PHYPADRAFT_140773	0.43693322883541674	1.2773834718639399	0.4769332288354167	0.016762174505614364	4.0	198552
PHYPADRAFT_143875	0.28387778909832023	2.2779351224687243	0.3138777890983202	0.055375765695805795	6.0	198552
PHYPADRAFT_153324	0.42288197021609825	3.442193012994028	0.48288197021609824	0.030033013963990534	5.0	198552
PHYPADRAFT_173530	0.33379956501373853	1.6083309805163983	0.35379956501373855	0.028321437129448984	8.0	198552
PHYPADRAFT_182268	0.32988856120434235	4.012161778065592	0.3698885612043423	5.375333873879179e-06	7.0	198552
PHYPADRAFT_28324	0.3257378635329673	2.2324152572034643	0.3557378635329673	0.020292873314063622	8.0	198552
PHYPADRAFT_38837	0.4725925605479003	1.3648798967178986	0.5125925605479003	0.0012501974630218392	4.0	198552
PHYPADRAFT_48267	0.31801615299991043	5.864436858179805	0.3680161529999104	0.002234067554419702	7.0	198552
PHYPADRAFT_64121	0.3585834871220571	0.7236806404230052	0.37858348712205714	0.029485009792084554	8.0	198552
PHYPADRAFT_72483	0.2281596993568732	6.176302904413843	0.26815969935687317	0.0223654192585965	6.0	198552
PHYPA_008731	0.31801615299991043	5.864436858179805	0.3680161529999104	0.002234067554419702	7.0	198552
PHYPA_011264	0.3257378635329673	2.2324152572034643	0.3557378635329673	0.020292873314063622	8.0	198552
PI	0.26005285035284464	7.822739858136243	0.3000528503528446	0.035418640519757655	14.0	198552
PIF1	0.3376707105041829	1.7656230015816305	0.3676707105041829	0.011359304351837456	6.0	198552
PIF3	0.3271406055327656	3.4731478141189993	0.36714060553276556	0.017505766365200803	7.0	198552
PIF4	0.30918711209849054	2.7361244304748094	0.3391871120984905	0.007418935467990569	8.0	198552
PIF5	0.32085768786868163	0.9187171835533582	0.34085768786868165	0.011468036956421863	8.0	198552
PITX1	0.3542204065410429	2.688306152498604	0.3942204065410429	0.01247912134417428	6.0	198552
PITX2	0.35472804867929336	0.6167745870535528	0.3747280486792934	0.052141270729395436	8.0	198552
PITX3	0.3403318782352771	5.986866870940101	0.4003318782352771	0.0022663207692168266	6.0	198552
PK00315.1	0.3335307640136964	2.048943574990412	0.36353076401369644	0.017823616129799002	8.0	198552
PK01144.1	0.392676043774429	7.351581941391005	0.48267604377442896	0.024393020812784376	4.0	198552
PK01630.1	0.29213193734821424	2.0802474918451104	0.3221319373482142	0.07069198960662165	7.0	198552
PK02532.1	0.30158431822501747	8.192271625819556	0.35158431822501746	0.005142714413801188	8.0	198552
PK03576.1	0.28661142880933793	2.3268235973817895	0.3166114288093379	0.02229566325679207	7.0	198552
PK03929.1	0.42646282992044454	2.395681782863921	0.4664628299204445	0.02571357521819155	5.0	198552
PK05432.1	0.417790247637485	1.43921606502027	0.447790247637485	0.00024892749754559606	6.0	198552
PK05451.1	0.2924874630686106	1.753165644144747	0.31248746306861064	0.032507261270193995	8.0	198552
PK06182.1	0.35356067098519944	0.9050831399761611	0.37356067098519946	0.003667486339358425	8.0	198552
PK06517.1	0.2792180431181104	3.658399098234434	0.3092180431181104	0.07560071385958743	7.0	198552
PK06791.1	0.3916381010917936	1.1130732876499994	0.42163810109179356	0.04401613016179155	6.0	198552
PK07031.1	0.43111139490806033	1.9896860854561842	0.4711113949080603	0.020613556862873215	4.0	198552
PK07402.1	0.2999016217556117	16.219303418211435	0.3999016217556117	0.01779107640574685	6.0	198552
PK07858.1	0.27732239504577977	3.998330482956376	0.31732239504577975	0.04026221239559205	7.0	198552
PK08602.1	0.29142893882493753	6.263448552299889	0.3414289388249375	0.05624816466639686	8.0	198552
PK09021.1	0.3320982330619568	0.011039615248493395	0.3320982330619568	0.011039615248493395	8.0	198552
PK10344.1	0.31634653285045555	1.0873286500355368	0.33634653285045557	0.007661624646650015	8.0	198552
PK10955.1	0.4127775598436739	2.136419991699518	0.4527775598436739	0.013873256755637347	5.0	198552
PK15337.1	0.4030130729288836	5.767823113464582	0.4830130729288836	0.0024218912591929256	4.0	198552
PK16335.1	0.3897901628604246	0.5161785931314221	0.40979016286042463	0.03773143190395696	8.0	198552
PK16340.1	0.4425323572487358	4.358038861711642	0.5125323572487358	0.0036888953058540398	4.0	198552
PK17878.1	0.24103112098979937	16.20827272235015	0.32103112098979936	0.005122974770204349	8.0	198552
PK18009.1	0.35167829893386676	3.69928354346553	0.39167829893386674	0.027820793153581578	7.0	198552
PK18401.1	0.32922381527047617	1.8539936473495713	0.3492238152704762	0.07268748902543028	8.0	198552
PK18474.1	0.28660369127751356	2.2968324844121217	0.31660369127751353	0.025327144824614303	7.0	198552
PK19363.1	0.22703600925872924	23.11635142392898	0.34703600925872924	0.06729723716544879	8.0	198552
PK19717.1	0.216634768274597	16.57736608112923	0.286634768274597	0.0026871561983634108	9.0	198552
PK20225.1	0.3370921078055427	0.8384321154164355	0.35709210780554274	0.0030594783782160358	6.0	198552
PK20317.1	0.4188494187265598	3.6548256685306995	0.4788494187265598	1.6864543743321073e-05	5.0	198552
PK20392.1	0.18764195904033015	30.67357573601401	0.38764195904033016	0.04716912277312933	6.0	198552
PK20555.1	0.4457584075893821	2.3194246487301764	0.4957584075893821	0.02047770069333924	5.0	198552
PK21166.1	0.34586125739939966	3.208334157351047	0.38586125739939964	0.013275542197192649	8.0	198552
PK21687.1	0.34353977482001735	1.1592236952352017	0.36353977482001737	0.002801999089480909	7.0	198552
PK22320.1	0.3706232106829984	0.5082268973204439	0.39062321068299843	0.03791823164610806	6.0	198552
PK23009.1	0.3817739392647302	4.584096564490748	0.4417739392647302	0.0011938442530714027	5.0	198552
PK23763.1	0.43874006523676684	2.118788740328602	0.4787400652367668	0.023499732384890667	5.0	198552
PK23829.1	0.37660565921667694	1.0410453789826366	0.39660565921667695	0.014997865111949112	7.0	198552
PK23964.1	0.35794037780173465	0.3474070350948063	0.36794037780173466	0.00966449744339801	7.0	198552
PK24205.1	0.32574448519547167	4.177472619007153	0.36574448519547165	0.00040799789643800277	8.0	198552
PK24580.1	0.1758790070149829	31.478707032138637	0.30587900701498294	0.002699336107775235	7.0	198552
PK24978.1	0.34698291951893895	4.6865082992693345	0.39698291951893894	0.0009052835589460304	7.0	198552
PK25870.1	0.395358112620083	0.46128668576461684	0.41535811262008304	0.024883570604337917	7.0	198552
PK26523.1	0.40086275305165553	2.173044584986711	0.4408627530516555	0.00019165430105503353	5.0	198552
PK27109.1	0.2978100048658088	3.02959273533593	0.3278100048658088	0.010532611962705395	8.0	198552
PK27149.1	0.31642935814028644	1.901435133760158	0.3464293581402864	0.05144039706214278	8.0	198552
PK28565.1	0.3403611547776385	1.405198922477033	0.3603611547776385	0.04181427331465218	8.0	198552
PKNOX1	0.31013120493063046	1.3422031948668995	0.3301312049306305	0.002967708894770691	10.0	198552
PKNOX2	0.26751292426621687	1.6367669169138894	0.2875129242662169	0.05535200126919882	12.0	198552
PLAG1	0.23408836009953038	6.721424988093156	0.2640883600995304	0.1380735286312077	14.0	198552
PLAGL2	0.14592681089531032	28.741792013130823	0.26592681089531034	0.023719168008268936	8.0	198552
PLT1	0.23085189646386625	5.592612079602245	0.26085189646386625	0.0013240647862203122	16.0	198552
POPTR_0002s00440g	0.38708580437073914	0.6854248704667865	0.40708580437073916	2.3742922272199926e-05	6.0	198552
POU1F1	0.24737388420572226	14.065617693448486	0.30737388420572226	0.004855357340734508	14.0	198552
POU2F1	0.29360823067967184	11.226180393855985	0.36360823067967185	0.039278351060712126	9.0	198552
POU2F1::SOX2	0.2284650186100882	10.981279550429338	0.2784650186100882	0.03797430737751059	17.0	198552
POU2F2	0.26479237872707306	12.078017759177378	0.32479237872707306	0.02171023109077032	13.0	198552
POU2F3	0.30140556334384666	10.284636188780922	0.37140556334384667	0.0035797701935132552	9.0	198552
POU3F1	0.2868587032834799	11.738796831646063	0.3568587032834799	0.013528370989825666	10.0	198552
POU3F2	0.2654832515450257	14.477822721614936	0.33548325154502573	0.007054584854209355	12.0	198552
POU3F3	0.25267255950213025	15.575257187193442	0.32267255950213025	0.08819015066621319	13.0	198552
POU3F4	0.3159506368993719	6.395700148402768	0.3659506368993719	0.0025763870212333825	9.0	198552
POU4F1	0.2154566810171595	21.269538951706565	0.3054566810171595	0.039766311668935024	12.0	198552
POU4F2	0.22895983886016802	16.17086704361322	0.298959838860168	0.06130259457748213	15.0	198552
POU4F3	0.2174281730220956	22.372619723834504	0.3074281730220956	0.059089903136374286	12.0	198552
POU5F1	0.32318018389789716	7.393046814630392	0.38318018389789715	0.0029969169694457863	7.0	198552
POU5F1B	0.28477515045910057	13.066423403658805	0.3647751504591006	0.05165749119889806	9.0	198552
POU6F1	0.3362264222847674	4.003676746435868	0.3762264222847674	0.039272363150508145	7.0	198552
POU6F2	0.269341669597668	13.379965404108011	0.349341669597668	0.05904182312025272	9.0	198552
PPARA::RXRA	0.23731302248649822	2.788433479212854	0.25731302248649823	0.0004680084960422755	17.0	198552
PPARD	0.24727922181941067	2.591438981392872	0.26727922181941066	0.003036629776692994	14.0	198552
PPARG	0.24616282246838794	3.765796787856479	0.26616282246838796	0.13548411786603626	19.0	198552
PPARG::RXRA	0.23500653708063096	4.164229540444629	0.255006537080631	0.13817283634092686	17.0	198552
PRDM1	0.3924953482571567	0.12233254784847411	0.4024953482571567	0.012444839275791894	7.0	198552
PRDM4	0.3768049028940858	0.17898987147045226	0.3868049028940858	0.005016554452517673	8.0	198552
PRDM9	0.18918121238562813	16.606252683369835	0.23918121238562812	0.0016073285689628004	20.0	198552
PROP1	0.0909122494696256	28.76637377522378	0.3109122494696256	1.2162916291449093e-06	11.0	198552
PROX1	0.24707977663688965	2.861407003458774	0.26707977663688964	0.025178060742415936	12.0	198552
PRRX1	0.1987186758651579	28.682678311105963	0.40871867586515787	0.012289472816146027	6.0	198552
PRRX2	0.1903488713832469	26.93696894430013	0.3303488713832469	0.054142144490352845	7.0	198552
PRUPE_ppa000682mg	0.38611740223999125	6.5716191363370475	0.45611740223999125	0.028092147939554203	6.0	198552
Pax2	0.3464144548025975	1.0374463284512463	0.36641445480259754	0.002463191510750945	7.0	198552
Pax2-5-8-a	0.29957287589520537	0.910324179759133	0.3195728758952054	0.04626607659334102	8.0	198552
Pax3-7-like	0.27315610414507935	14.510646844696526	0.3631561041450794	0.044209606573058606	6.0	198552
Pax4	0.20680145364290908	20.23646078400941	0.2768014536429091	0.04674022621413528	30.0	198552
Pax5	0.2447947598585829	7.2969327823775885	0.2847947598585829	0.15450559899379654	20.0	198552
Pax6	0.20349328238875264	26.40886888598765	0.36349328238875267	0.00432960652632427	6.0	198552
Pax7	0.18094899295565747	27.48620382253923	0.29094899295565746	0.02051019312743598	10.0	198552
Pdp1	0.26831997808337255	11.775981655433078	0.33831997808337255	0.011845827096961165	8.0	198552
Pdx1	0.28286526616013763	15.378196838708066	0.4028652661601376	0.022188175739074036	6.0	198552
Pgr	0.21863880667740848	6.579497418037204	0.24863880667740848	0.0005895320485774663	17.0	198552
Phox2b	0.15547726889514232	29.023931261009086	0.27547726889514235	0.07303705885008575	11.0	198552
Pitx1	0.30033539248869867	9.610565248868191	0.3703353924886987	0.015638208590505267	8.0	198552
Plagl1	0.2532240921479017	13.112901976004386	0.3232240921479017	0.054990806663660755	8.0	198552
Pou2f3	0.2547872200998561	14.281698552502741	0.3247872200998561	0.0247368149527923	16.0	198552
Pou5f1::Sox2	0.26501808293619167	9.41959178488277	0.31501808293619166	0.006701179045467688	15.0	198552
Poxm	0.2556259091316217	0.6393873179623991	0.2656259091316217	0.0008505400935576952	15.0	198552
PpDof6	0.46685385182748207	1.984867369148918	0.5168538518274821	0.0002312140555257797	4.0	198552
Ppara	0.38357950601843155	0.06533788698530613	0.39357950601843156	0.05028390019123065	7.0	198552
Pparg::Rxra	0.25300698710527564	3.694937279584724	0.2830069871052756	0.036727962946889646	13.0	198552
Prdm14	0.3552309079736278	0.08482260666580718	0.3652309079736278	0.05861402344675986	8.0	198552
Prdm15	0.29974682390533647	1.7737719853566838	0.3197468239053365	0.005790854366877026	11.0	198552
Prdm4	0.3125451790831947	0.9717335816311062	0.3325451790831947	0.09836411834664432	11.0	198552
Prdm5	0.3191679502693696	0.5568087407639649	0.3291679502693696	0.0183780943796116	11.0	198552
Prop	0.1298814249051568	27.633663892335033	0.35988142490515684	1.587296862275396e-06	6.0	198552
Prrx2	0.20132141751249952	29.58103463145007	0.37132141751249953	0.030943006896199134	8.0	198552
Ptf1A	0.33667143930790927	2.2165006564207195	0.36667143930790924	0.007209566049371939	8.0	198552
Ptf1a	0.3249298985079405	1.7825157067473114	0.34492989850794054	0.05749262312140647	9.0	198552
Ptx1	0.3523029185392456	4.989051685270489	0.4023029185392456	0.03837649516617541	7.0	198552
RAMOSA1	0.22509573914021663	13.41475192357822	0.28509573914021663	0.0002543016464828703	14.0	198552
RAP1	0.2961744056807515	2.1977106650048244	0.3161744056807515	0.02719930314087877	12.0	198552
RAP2-1	0.29766711286582603	6.581334651143644	0.347667112865826	0.0007301487417559272	8.0	198552
RAP2-10	0.35318911939775527	0.3193375861292607	0.3631891193977553	0.0026720861010773845	7.0	198552
RAP2-11	0.1953566434576079	23.128980575872017	0.2953566434576079	0.1081610968548408	11.0	198552
RAP2-12	0.21478739179015446	19.822492637491997	0.29478739179015445	5.893509781236518e-06	11.0	198552
RAP2-3	0.22199008855288813	20.081887836790795	0.3119900885528881	0.07407889489658445	8.0	198552
RAP2-4	0.29068686827616197	7.125334907820341	0.34068686827616196	0.019420374509067917	8.0	198552
RAP2-6	0.17682671850067883	24.238887695794652	0.26682671850067885	0.05575665990232696	15.0	198552
RAP2-7	0.3298486316120683	3.6002198554539433	0.36984863161206827	0.03659171220086179	8.0	198552
RAP2-9	0.30074470388718044	6.273895315352098	0.3407447038871804	0.0645929299477497	9.0	198552
RARA	0.22939365217586585	4.836707215865023	0.25939365217586585	0.0823112838519616	17.0	198552
RARA::RXRA	0.24425660298177604	5.817729256189976	0.274256602981776	0.04036862043813182	17.0	198552
RARA::RXRG	0.23290130903274098	5.422018309551735	0.262901309032741	0.04364132000657917	17.0	198552
RARB	0.24425697813000555	2.438163854897995	0.26425697813000554	0.0015311032173699437	13.0	198552
RARG	0.24808157660546343	2.6582623434874155	0.26808157660546345	2.7452112087054913e-05	13.0	198552
RAV1	0.3926830465742774	1.8323648324634945	0.42268304657427735	0.027357582784329	6.0	198552
RAV2	0.3691042386207874	0.07642195188403277	0.3791042386207874	0.056455031673185364	8.0	198552
RAX	0.17475256671692416	31.167269399690433	0.39475256671692416	0.002852800879563412	6.0	198552
RAX2	0.1861139656022884	27.781257076563758	0.3761139656022884	0.0008815420114095922	6.0	198552
RAX3	0.2635159720516969	4.940454594280577	0.2935159720516969	0.09729168775753452	12.0	198552
RBPJ	0.4152088052221358	0.17419155385052743	0.42520880522213583	0.0003229083044779643	6.0	198552
RDR1	0.35958403799125477	1.2512067633086947	0.3795840379912548	0.040900254293023464	7.0	198552
RDS2	0.35664622352839714	2.3823250162851184	0.3966462235283971	0.00023695219707767863	6.0	198552
REB1	0.33115685065129086	1.2694867354968982	0.3511568506512909	0.0002566812308737262	9.0	198552
REF6	0.356553050267563	0.4452992533339641	0.366553050267563	0.023578128189752013	9.0	198552
REI1	0.35769041524876866	3.404736004306202	0.39769041524876864	0.006163841413809771	7.0	198552
REL	0.3162740342014982	2.986787404463183	0.34627403420149816	0.01071314483736119	10.0	198552
RELA	0.27137043874098493	3.265465759445973	0.3013704387409849	0.008726194543875186	10.0	198552
RELB	0.3475286942660336	0.34323265732574687	0.3575286942660336	0.005480096780709188	7.0	198552
REST	0.2237434329376585	3.3535828548603206	0.2437434329376585	0.012141891557634402	20.0	198552
REV	0.1879115982277775	21.506444216379798	0.25791159822777754	0.0015305230644440213	14.0	198552
RFX1	0.3723802684499169	1.344811736054842	0.4023802684499169	0.029604496530284578	7.0	198552
RFX2	0.1850931710594488	12.722278819567395	0.22509317105944882	0.004755372377858601	14.0	198552
RFX3	0.20353200726373824	6.958848094933387	0.23353200726373824	0.03413516192031882	16.0	198552
RFX4	0.19795532024785537	7.002242358202976	0.22795532024785536	9.096290530756536e-06	13.0	198552
RFX5	0.1948954174852949	6.115093839303371	0.2248954174852949	0.06762107828953241	14.0	198552
RFX7	0.2981841122513212	5.72202772168222	0.3481841122513212	0.04301100138842838	8.0	198552
RGM1	0.37651232582839833	7.819654693374961	0.4665123258283983	0.015484879710929057	5.0	198552
RGT1	0.36364203300105413	1.346403186891256	0.38364203300105415	0.03493590710293409	8.0	198552
RHOXF1	0.3940442771933535	0.7512343750561727	0.4140442771933535	0.005724529076784445	6.0	198552
RIM101	0.3358704856674841	0.0010266520006586976	0.3358704856674841	0.0010266520006586976	7.0	198552
RIN	0.2603350972036915	10.459502558140517	0.3203350972036915	0.0025444329447476643	10.0	198552
RLM1	0.23042915519608403	10.657126048137123	0.280429155196084	0.027414045615168667	14.0	198552
RME1	0.2511514072723727	15.775818796902712	0.3311514072723727	0.0642824014953693	10.0	198552
RORA	0.32221979281035995	0.09722364605124349	0.32221979281035995	0.09722364605124349	11.0	198552
RORB	0.3200756639161151	0.5423263075869791	0.3300756639161151	0.014773838580111668	10.0	198552
RORC	0.32061173240479535	0.8101317821581404	0.34061173240479536	0.06988907528151246	10.0	198552
ROX1	0.29841839702213474	2.124313552020061	0.31841839702213476	0.017060535345514667	12.0	198552
RPH1	0.3384739866671487	4.3142980608944	0.37847398666714865	0.0013223780251309788	7.0	198552
RPN4	0.3009577344061463	7.228908349678053	0.3609577344061463	0.03431492050252482	7.0	198552
RREB1	0.18509101366457048	15.157594706919996	0.23509101366457047	0.21762818448886315	19.0	198552
RTG3	0.23371985068682655	6.459651327519216	0.2737198506868265	0.03451147967168518	8.0	198552
RUNX1	0.32117048808838244	2.4307638084311267	0.35117048808838247	0.006952562357641908	11.0	198552
RUNX2	0.32224977501993063	6.359392518477505	0.3722497750199306	0.005341269286150358	9.0	198552
RUNX3	0.3886844435497405	0.05787360239962627	0.39868444354974053	0.055237386216581086	8.0	198552
RVE1	0.32216500663312675	6.5351480537099675	0.37216500663312674	0.012264558700688743	9.0	198552
RVE4	0.2988860226190741	8.515080951090187	0.3588860226190741	0.0007438538830721528	9.0	198552
RVE5	0.30917048264783825	7.629609908747087	0.36917048264783825	0.005282593319198173	9.0	198552
RVE6	0.30914410013360777	7.469034082654094	0.35914410013360776	0.047122326918665795	9.0	198552
RVE7	0.29895235157895	6.916329367433773	0.34895235157895	0.00015207937220907536	9.0	198552
RVE7L	0.3122447976736373	6.959632145451057	0.36224479767363726	0.0085078425357448	9.0	198552
RVE8	0.3093574913795238	6.762330296160061	0.3593574913795238	0.006826276024570129	9.0	198552
RXRA::VDR	0.240216197672034	2.0946843336127388	0.260216197672034	0.08147980702073784	15.0	198552
RXRB	0.2143242012914125	3.2961330562567364	0.2343242012914125	0.0012691862769188776	14.0	198552
RXRG	0.24418835530626853	5.252383647806437	0.2741883553062685	0.00304088092370828	14.0	198552
Rarb	0.23713588244964373	2.359513802186249	0.25713588244964375	0.10241881502838739	17.0	198552
Rarg	0.2563100361897996	0.5904639894545405	0.2663100361897996	0.003922504139996976	15.0	198552
Rax	0.13585546354478473	29.00714234900339	0.3658554635447847	0.020619024978280855	6.0	198552
Rel	0.27360766295592875	7.300504722190987	0.32360766295592874	0.006111061809554113	10.0	198552
Rfx	0.24994705601793382	2.247163304187843	0.26994705601793384	0.018728892299052044	13.0	198552
Rfx1	0.23382972659384793	7.017139869147214	0.2738297265938479	0.1478747671413669	14.0	198552
Rfx6	0.31794951175938685	0.6279570722350276	0.32794951175938686	0.049852831376749875	9.0	198552
Rhox11	0.34249137583267564	2.8089663142219887	0.3824913758326756	0.059933850893283375	9.0	198552
Runx1	0.3607051646329454	4.4232294319235095	0.4107051646329454	0.020576111414850277	9.0	198552
Rx	0.15935344715902477	33.69989787601975	0.3493534471590248	0.06120572175105268	7.0	198552
Rxra	0.250263353270325	1.7766778269620165	0.270263353270325	0.1476259457215062	14.0	198552
SATB1	0.3136946318691354	6.248211487396733	0.36369463186913537	0.042667692533160904	7.0	198552
SBP6	0.36577246874551556	0.9349031691913985	0.3857724687455156	7.339124273848893e-05	8.0	198552
SBP8	0.3725929839187417	0.372271946561877	0.3825929839187417	0.014283097550035512	8.0	198552
SCRT1	0.3235473441502401	1.3558093889757585	0.34354734415024013	7.833614134861663e-05	10.0	198552
SCRT2	0.33136956742546486	0.9196611454080101	0.3513695674254649	0.025771942382797702	10.0	198552
SEP1	0.26166040568014076	8.439898976240846	0.31166040568014075	0.0793045794352946	13.0	198552
SEP3	0.29788333051613547	10.471616016266033	0.3678833305161355	0.0009040482924104254	10.0	198552
SFL1	0.34554749760139813	2.322357139873673	0.37554749760139816	0.0005535904176949893	10.0	198552
SFP1	0.1150255495315635	29.067308306895857	0.23502554953156352	0.0007816841206571226	10.0	198552
SGR5	0.29243303113758684	6.393274317784118	0.3324330311375868	0.09117784347298746	13.0	198552
SHOX	0.18361317010839337	31.24013615445954	0.38361317010839335	4.188339389484861e-05	6.0	198552
SIP4	0.2777593273819449	8.08720469921548	0.3377593273819449	0.0023484241014172487	6.0	198552
SIX1	0.31935709127167394	2.5374058441126013	0.3493570912716739	0.002026693489895989	9.0	198552
SIX2	0.3054229785196585	2.2828803789542724	0.3254229785196585	0.05459752621264601	11.0	198552
SIZF2	0.25845329694684466	6.471402994628536	0.29845329694684464	0.004322794485991209	9.0	198552
SKN7	0.22726577925806382	32.25791359749863	0.3672657792580638	0.002007593844483305	5.0	198552
SKO1	0.2883166190244071	1.9473722184052027	0.3083166190244071	0.005557133387138703	10.0	198552
SMAD2	0.3900851586125199	0.5144426514839194	0.41008515861251993	0.011322543531485395	6.0	198552
SMAD3	0.27562943126966405	2.531300945522306	0.29562943126966407	0.105851132930268	10.0	198552
SMAD5	0.2551990217649659	5.589179313995951	0.2951990217649659	0.07530109434437482	10.0	198552
SMB	0.40417205738795065	0.3977053434295369	0.41417205738795065	0.043475746549766554	7.0	198552
SMZ	0.328365161300968	0.7995852128943296	0.348365161300968	0.03661961271257085	8.0	198552
SNAI1	0.38222999031387767	0.48191219136770624	0.4022299903138777	0.048880803180702447	7.0	198552
SNAI2	0.33447499203106895	1.6808160235246605	0.35447499203106897	0.07020587638780293	8.0	198552
SNAI3	0.32680655414697896	1.4972551185352885	0.346806554146979	0.015076808432902268	9.0	198552
SNT2	0.2737812086692028	3.2184297846968004	0.3037812086692028	0.01501384977801822	10.0	198552
SOC1	0.2814149516488234	9.250561131021435	0.3414149516488234	0.06708718755850353	13.0	198552
SOHLH2	0.27523517529610875	2.2746251243383617	0.29523517529610876	0.05368627744075491	8.0	198552
SOK2	0.36010483927455056	1.5432514197292566	0.39010483927455053	0.010170346417354568	6.0	198552
SOL1	0.17642229308423832	26.567660859937796	0.2664222930842383	0.05266563901728427	15.0	198552
SOX10	0.41848955142175176	0.6853877446637918	0.4384895514217518	0.002886077131934642	6.0	198552
SOX12	0.33415516260448463	2.932524458858901	0.36415516260448466	0.012279244663323533	10.0	198552
SOX13	0.33996088486198395	5.012894822024821	0.38996088486198394	0.009764197685110582	7.0	198552
SOX14	0.3105011640565059	7.360902690419415	0.3705011640565059	0.020864266472073414	9.0	198552
SOX15	0.29809046175728066	16.92018605131967	0.41809046175728065	0.00867778384011509	7.0	198552
SOX18	0.3584998368133147	2.4664775515019337	0.3884998368133147	0.04098277954005876	8.0	198552
SOX2	0.3349503503767507	7.0299536884652465	0.3949503503767507	0.00803070976658221	7.0	198552
SOX21	0.25094702587719564	4.0789830995037955	0.28094702587719567	0.0882057834096481	15.0	198552
SOX4	0.3396398181176541	5.846490659702161	0.3896398181176541	0.04278380219399578	8.0	198552
SOX8	0.3373713487141579	10.962358953107604	0.42737134871415794	0.0021518190492301643	7.0	198552
SOX9	0.351949986332625	5.987043236786108	0.411949986332625	0.025731920266704355	8.0	198552
SP1	0.23585641387027226	13.705368538406336	0.3058564138702723	0.0006964854771776659	9.0	198552
SP2	0.2509137766129315	12.556567285432227	0.3209137766129315	0.015865376862209277	9.0	198552
SP3	0.2648435537486206	7.64373239987057	0.3148435537486206	0.00887383342572676	11.0	198552
SP4	0.261859485563345	8.684106060157335	0.311859485563345	0.08509884377320474	9.0	198552
SP5	0.33286354098389886	6.32021722048097	0.39286354098389886	0.024606824211612865	6.0	198552
SP8	0.27092752774544454	6.535691494056936	0.3109275277454445	0.06182016388955648	11.0	198552
SP9	0.23675128381117952	14.996496367771423	0.30675128381117955	0.045728461425702416	10.0	198552
SPDEF	0.3181709064717256	1.1977956493576087	0.3381709064717256	0.0038312060511924333	10.0	198552
SPI1	0.26627708649430404	5.730557288946871	0.306277086494304	0.10040875454157552	16.0	198552
SPIB	0.29446943971653905	2.211673679282681	0.31446943971653907	0.04321889734419715	13.0	198552
SPIC	0.31204306495656225	3.758664773442213	0.3420430649565622	0.08244948523234792	13.0	198552
SPL1	0.32998265080441735	0.6998187310248555	0.3499826508044174	0.06561045923646282	8.0	198552
SPL10	0.3569019111213584	0.6374557733428556	0.3769019111213584	0.020622305085419648	6.0	198552
SPL11	0.3203342532476238	1.4003196457470946	0.34033425324762384	0.013123956317387057	8.0	198552
SPL11A	0.2468694806005469	2.172804649393737	0.2668694806005469	0.03827664626676913	12.0	198552
SPL11B	0.18499850718483998	6.593356945648321	0.21499850718483998	0.22409759732269094	15.0	198552
SPL12	0.40746653768657354	1.1816731138269596	0.4374665376865735	0.006101579949431583	6.0	198552
SPL12B	0.21391593238352202	4.549382302138619	0.233915932383522	0.12772489417236962	14.0	198552
SPL13A	0.3419943923060296	0.4502907082408536	0.35199439230602964	0.02257029357041181	8.0	198552
SPL13B	0.20710902849337537	5.779208031725222	0.23710902849337537	0.1418084404766668	13.0	198552
SPL14	0.34585702032403126	1.1358424649914336	0.3658570203240313	0.0024628621207335296	7.0	198552
SPL14B	0.22110020673557002	3.863466397784357	0.24110020673557	0.046043079788042854	13.0	198552
SPL15	0.3413217387844516	0.9923382124439459	0.3613217387844516	0.01283718475052324	8.0	198552
SPL15A	0.23522223615747087	4.922527335580123	0.26522223615747087	0.0650507594847923	14.0	198552
SPL15B	0.32999163306030094	5.808685447101819	0.3799916330603009	0.03010662806175985	7.0	198552
SPL15D	0.2727248579826009	2.5509113764405154	0.30272485798260085	0.09817493299126666	10.0	198552
SPL16A	0.26770324341804624	2.022440613066751	0.28770324341804626	6.072544097704457e-05	11.0	198552
SPL16D	0.23231431132604877	4.693449292767659	0.26231431132604877	0.022027030827777398	13.0	198552
SPL18A	0.22998353780709105	3.722248959304458	0.24998353780709104	0.03661326688841308	14.0	198552
SPL19B	0.20982449214676277	5.16287640550569	0.22982449214676276	0.18697401476259418	13.0	198552
SPL1D	0.22268165787094313	6.347184476591177	0.2526816578709431	0.002560139574166998	14.0	198552
SPL2A	0.20140017406157087	5.1255715089006175	0.23140017406157087	0.18970405170645036	13.0	198552
SPL2B	0.2350509740577322	4.666044103614892	0.2650509740577322	0.03525380996936945	13.0	198552
SPL3	0.32711317547939134	0.9139329058405621	0.34711317547939136	0.017115273080526183	8.0	198552
SPL3A	0.2540037306947423	2.803968632603073	0.2740037306947423	0.05542133349681091	12.0	198552
SPL3B	0.21945390552582258	4.136166207926809	0.23945390552582257	0.15573157830383402	14.0	198552
SPL3D	0.2142430383718597	4.503126664366489	0.2342430383718597	0.189544915328827	13.0	198552
SPL4	0.4135278103181202	0.12283585180855473	0.4235278103181202	0.0022180860401676953	5.0	198552
SPL4A	0.2136891423620778	4.539105277523009	0.2336891423620778	0.20223123762273013	13.0	198552
SPL4D	0.2558322519898736	3.1625378320914366	0.2758322519898736	0.10705540784242269	12.0	198552
SPL5	0.32260074580176246	0.5404161232427032	0.33260074580176247	0.025331196362609436	9.0	198552
SPL5A	0.217594712624151	4.030935638832778	0.237594712624151	0.08280379062993838	13.0	198552
SPL5B	0.32563468577876536	4.953466470017629	0.38563468577876536	0.04266437353146173	7.0	198552
SPL5D	0.21124026664693185	4.026455062301899	0.23124026664693184	0.06748188204188746	14.0	198552
SPL6A	0.2708530702700691	2.7344894337149435	0.2908530702700691	0.10539582999691738	11.0	198552
SPL7	0.3250150996335893	1.5900275602685947	0.34501509963358934	0.06219925479048506	6.0	198552
SPL7A	0.2604436991709609	4.164494886027721	0.2904436991709609	0.009999625137304475	11.0	198552
SPL7B	0.18985890811388828	5.1682439260554744	0.20985890811388827	0.05673324494503191	15.0	198552
SPL8	0.2697572109185632	7.913844358004536	0.3097572109185632	0.08875907872706756	16.0	198552
SPL8A	0.2942312037987895	3.2288318667406917	0.32423120379878945	0.001274499742892303	9.0	198552
SPL8B	0.31178329518284764	1.6392387089083194	0.33178329518284766	0.021659008928468903	9.0	198552
SPL8D1	0.3199999772309509	1.1180129227283173	0.33999997723095093	0.010944534444399074	10.0	198552
SPL9	0.3502487425663841	0.3533076799469716	0.3602487425663841	0.006529255578852812	7.0	198552
SPL9D	0.20819010804849564	4.675708056159004	0.22819010804849563	0.2032109382916115	14.0	198552
SPT	0.26871489023667344	1.9827159069519091	0.28871489023667346	0.028630722423749123	7.0	198552
SPT15	0.1598408476941928	28.10935178155068	0.2698408476941928	0.01398339990960006	11.0	198552
SPT2	0.3030377424928248	3.3494115503103177	0.3330377424928248	0.0005599952659622939	10.0	198552
SPT23	0.2858494052472321	12.55217711518121	0.35584940524723213	0.05836468890810182	8.0	198552
SRD1	0.41094571876457375	1.8808815430530086	0.45094571876457373	0.03875272787717995	6.0	198552
SREBF1	0.2718808034445988	3.0888612064667424	0.3018808034445988	0.09446543691672066	10.0	198552
SREBF2	0.23283373174213143	4.180124412053852	0.2628337317421314	0.09082778859590199	10.0	198552
SREBP	0.26972283936080754	2.718593478716211	0.28972283936080756	0.08976547864161502	10.0	198552
SRF	0.24525192373522445	3.575085617854099	0.26525192373522444	0.12987960489928307	16.0	198552
SRM1	0.36318952780714786	1.149050425811872	0.3831895278071479	0.006374186593151315	9.0	198552
SRY	0.29135095305140907	18.86192585730724	0.42135095305140907	0.02530487397183131	7.0	198552
STAT1	0.28811245383358697	4.236163028375569	0.32811245383358695	0.07641616074662724	9.0	198552
STAT1::STAT2	0.2655641123472704	5.853529129602937	0.3055641123472704	0.015579573043132506	13.0	198552
STAT3	0.2627373437098793	11.054438069859842	0.3327373437098793	0.049306688798079305	9.0	198552
STB3	0.2932145618046085	8.001742001899048	0.34321456180460846	0.00717400914243683	11.0	198552
STB4	0.3484567939963225	2.244869546477096	0.3784567939963225	0.0018167553701446903	7.0	198552
STB5	0.3008806655595274	10.085237749599381	0.3708806655595274	0.0031733987034638206	8.0	198552
STE12	0.3292356917098052	4.887842943105067	0.3792356917098052	0.03410892011110062	7.0	198552
STP1	0.2597832423406754	11.646551332338769	0.3197832423406754	0.03055585375420093	8.0	198552
STP2	0.19285923401934826	24.039659197599835	0.3028592340193483	0.005640302774512755	9.0	198552
STP3	0.34260786988209135	14.37580808231104	0.42260786988209137	1.964788539731976e-05	6.0	198552
STP4	0.35177192587995576	11.265420244901312	0.42177192587995577	0.0017603162864579273	6.0	198552
SUT2	0.2993818751701331	2.8592953447264766	0.32938187517013306	0.009089689993608437	10.0	198552
SVP	0.2803667241021998	8.424449050230836	0.3303667241021998	0.002845401834839045	16.0	198552
SWI4	0.3409415139229379	0.7898786313150831	0.36094151392293794	0.05031980102141811	8.0	198552
SWI5	0.34731260257711105	3.2767915156732013	0.38731260257711103	0.019358638745381657	7.0	198552
Scr	0.2975104781760695	8.740103966089288	0.3675104781760695	0.021146367635495145	7.0	198552
Shox2	0.18934360030018074	29.835597031292714	0.39934360030018073	0.045368165597902764	6.0	198552
Six3	0.2849192504050145	3.5174799231429867	0.31491925040501445	0.004089064855394791	11.0	198552
Six3_6	0.3560959089358207	3.11852559171151	0.3960959089358207	0.008748627797239412	6.0	198552
Six4	0.4024916914876267	0.005304778947865483	0.4024916914876267	0.005304778947865483	6.0	198552
Smad4	0.3693611758091809	0.10973397648796532	0.3793611758091809	0.01710318013520741	7.0	198552
Snail	0.4059333474492221	0.7310593643391434	0.4259333474492221	0.003625806414346766	6.0	198552
Sox1	0.2573051174919511	3.7492827263440587	0.27730511749195114	0.14276642670164694	15.0	198552
Sox100B	0.25314859010429347	10.639245905922476	0.31314859010429347	0.0348092734325327	8.0	198552
Sox102F	0.29398638481461925	2.8308877974083955	0.3239863848146193	0.02560253388662436	12.0	198552
Sox11	0.35045372670825653	1.730326223048382	0.3804537267082565	0.012704283251568806	8.0	198552
Sox14	0.3162082796504051	2.041466229412343	0.3362082796504051	0.04058187639252085	11.0	198552
Sox15	0.3548444812742004	4.743137684291633	0.40484448127420036	0.00027241561696205086	8.0	198552
Sox17	0.3144966641578515	5.309904633212504	0.3644966641578515	0.07219528165586074	10.0	198552
Sox2	0.3676633123733656	0.050033217876433736	0.3676633123733656	0.050033217876433736	8.0	198552
Sox21a	0.2574152953741314	2.4612639973583303	0.2774152953741314	9.20636935134138e-05	15.0	198552
Sox21b	0.2533148377381021	2.0476172499669114	0.2733148377381021	0.009452406426217811	15.0	198552
Sox3	0.33792418072896596	6.243720098583165	0.39792418072896596	0.007749912775578855	7.0	198552
Sox5	0.3349279423381263	1.7535188033471951	0.3649279423381263	0.060159678032857454	8.0	198552
Sox6	0.30612571919178866	8.393815102645279	0.35612571919178865	0.04145741296015893	10.0	198552
Sox7	0.3061347247281894	6.911173575935616	0.3561347247281894	0.02008286934963941	10.0	198552
SoxB1	0.2778874304073062	13.186849593991063	0.3478874304073062	0.05481330840434803	11.0	198552
SoxB2	0.36517547982949894	6.411199381866245	0.43517547982949895	2.7451129245844985e-06	6.0	198552
SoxC	0.36991888498162634	6.414419285639061	0.43991888498162635	0.03956491762311156	6.0	198552
SoxF	0.34170317898066643	8.435155186740804	0.42170317898066645	0.00141726627543547	6.0	198552
SoxN	0.3076881483253689	3.081111018273582	0.33768814832536886	0.004092585793337652	11.0	198552
Sp1	0.31696300754172757	3.1867420436059013	0.3469630075417276	0.025094273039166542	9.0	198552
Spi1	0.2798332496522148	3.6708789994873587	0.3098332496522148	0.006912614036970512	13.0	198552
Spps	0.27017220995570346	8.234899434296308	0.32017220995570345	0.004610544644778465	11.0	198552
Spz1	0.3115399331514259	1.6251557293833736	0.33153993315142594	0.00412281861618604	11.0	198552
Srebf1	0.25917622988852557	3.4932098911047422	0.28917622988852554	0.011567561127299477	10.0	198552
StBRC1	0.17451595918090326	27.221841929832504	0.2845159591809033	0.07383159324540184	7.0	198552
Stat2	0.29571360055102414	4.584033651777522	0.3357136005510241	0.003991553026559712	10.0	198552
Stat3	0.2800233554750537	2.9326072032776946	0.31002335547505366	0.06074495932955407	10.0	198552
Stat4	0.29031989569449573	6.5619776416729625	0.3403198956944957	0.03356230282024221	10.0	198552
Stat5a	0.3116938036533902	2.25134695029507	0.3416938036533902	0.04839623297350332	9.0	198552
Stat5a::Stat5b	0.2968304829386343	5.092390904271904	0.33683048293863427	0.0011429502556673592	9.0	198552
Stat5b	0.3076452140847061	2.0947323978193855	0.33764521408470605	0.06453661526631309	9.0	198552
Stat6	0.23575672446037096	13.214993692086574	0.29575672446037093	0.0653157274755696	10.0	198552
Stat92E	0.26408893727598476	6.6593642115248475	0.30408893727598474	0.0009688405262844344	12.0	198552
TAL1::TCF3	0.31531500008392477	1.2631959334503513	0.3353150000839248	0.00049933520135918	10.0	198552
TB1	0.19979536994438113	20.525589032919676	0.27979536994438114	0.049647545872885626	9.0	198552
TBF1	0.3781462411869113	0.5502213618941594	0.39814624118691133	0.04084102074012701	8.0	198552
TBP	0.12494592094703257	30.037676912145148	0.33494592094703257	0.009029240388504459	7.0	198552
TBR1	0.33440766275408745	1.9583000202332004	0.3644076627540874	0.037532203866616265	9.0	198552
TBS1	0.2247548004675241	26.73461567931851	0.3747548004675241	0.042936482211457884	8.0	198552
TBX1	0.36267590444297	1.0658131490837928	0.38267590444297	0.003910374397563964	8.0	198552
TBX15	0.3411923825722812	1.81413444300449	0.37119238257228115	0.020876002695365617	8.0	198552
TBX18	0.31613293201057563	1.1195639299383968	0.33613293201057565	0.007988585836196669	9.0	198552
TBX19	0.19362046103037966	9.019303246685777	0.22362046103037966	0.0652360816359634	17.0	198552
TBX2	0.3192656749407491	3.555275787987649	0.35926567494074907	0.029898470189621072	9.0	198552
TBX20	0.33320716393752	2.9612673305961748	0.36320716393751995	0.016479128674521306	11.0	198552
TBX21	0.3154431503225216	3.125399777140336	0.3454431503225216	0.021910789728108254	10.0	198552
TBX3	0.32539902523568354	2.6703103346445585	0.35539902523568356	0.006668072828558362	9.0	198552
TBX4	0.32312672437405743	7.342838139065793	0.3831267243740574	0.029800561227006608	8.0	198552
TBX5	0.3271345330413013	6.68131146684983	0.3871345330413013	5.038101788720669e-05	8.0	198552
TBX6	0.30563635444947307	10.666799677070529	0.3756363544494731	0.052117746153889276	8.0	198552
TBXT	0.19495773400168243	9.386511714873244	0.22495773400168242	0.1670889411388649	16.0	198552
TCF12	0.3051548612420649	6.917478167628799	0.3551548612420649	0.0492268444396154	7.0	198552
TCF21	0.25888972117203496	3.2600000167260137	0.28888972117203493	0.028438716905576807	10.0	198552
TCF3	0.3106715549495192	5.141187454916354	0.3606715549495192	0.03193051901050061	7.0	198552
TCF7	0.38533212259943783	1.184091150636644	0.41533212259943786	0.04647531921030851	7.0	198552
TCF7L1	0.314342887920316	2.3883750104461052	0.344342887920316	0.08396079456800094	12.0	198552
TCF7L2	0.31742246823195464	6.399202319918068	0.3674224682319546	0.015317153340439461	9.0	198552
TCFL5	0.22172732943836385	14.834993615027418	0.28172732943836387	0.050377730826940526	8.0	198552
TCP1	0.19015469540544738	20.925219223484245	0.2701546954054474	0.010131352377000141	11.0	198552
TCP13	0.23794519298141212	10.575690609538823	0.28794519298141213	0.0669392211864992	11.0	198552
TCP14	0.20145850949294045	10.43731409166499	0.24145850949294045	0.2163045984601882	18.0	198552
TCP15	0.18970662170219074	14.111365959019071	0.23970662170219076	0.019280200710968084	11.0	198552
TCP16	0.23749556265809194	14.460931530549034	0.30749556265809197	6.13455411158665e-05	8.0	198552
TCP17	0.2545662467285118	9.32090590977578	0.3045662467285118	0.005361266849445219	11.0	198552
TCP19	0.272862101270922	12.839022735358773	0.352862101270922	0.0014226554109996266	8.0	198552
TCP2	0.2345460662212983	11.231802505036704	0.2945460662212983	0.01934836691813003	8.0	198552
TCP20	0.1876201809852318	11.903229200963942	0.2376201809852318	0.1497768434038734	11.0	198552
TCP21	0.23268127212809123	11.797390433510861	0.29268127212809125	0.018294717700539934	11.0	198552
TCP22	0.21330403619473692	18.642861220705484	0.28330403619473693	0.013176781297741014	11.0	198552
TCP23	0.24458891507314529	10.573473379148458	0.3045889150731453	0.004187671195879307	8.0	198552
TCP24	0.24993839631646794	12.490121418238791	0.3199383963164679	0.019622862787953818	8.0	198552
TCP3	0.2753783273179719	6.301329783172884	0.3153783273179719	0.08320229968883806	8.0	198552
TCP4	0.3104634106438048	1.042520324619578	0.3304634106438048	0.009135266715833906	8.0	198552
TCP5	0.3047964846913188	0.43720156674220534	0.3147964846913188	0.014934922111491514	8.0	198552
TCP7	0.23237551410358426	12.819832995088303	0.28237551410358425	0.12797963613755353	11.0	198552
TCP8	0.3071801657755654	3.5938837582546803	0.3471801657755654	0.04650266632060198	8.0	198552
TCP9	0.1772313417944594	16.135758004446593	0.2372313417944594	0.1318334372326345	11.0	198552
TCX2	0.09334505963922152	30.88312268997557	0.2733450596392215	0.04921472810034144	15.0	198552
TCX3	0.3103395782869162	6.806774025103791	0.3603395782869162	0.004880168573471015	12.0	198552
TCX6	0.1905483547546854	23.963133431211865	0.2705483547546854	0.07917131103534801	15.0	198552
TDA9	0.24974355693325082	20.116164960038446	0.35974355693325083	0.021939539238982612	7.0	198552
TEA1	0.2678734418114609	14.878750170463881	0.3478734418114609	0.00019854260998178818	8.0	198552
TEAD1	0.3534439395389649	0.14315798577109373	0.3634439395389649	0.02680873208038438	9.0	198552
TEAD2	0.37468354209758514	0.13759406608670388	0.38468354209758515	0.016636769513754226	7.0	198552
TEAD3	0.38661641739888436	0.22328885179827865	0.39661641739888437	6.692515862303056e-06	8.0	198552
TEAD4	0.37612926379585043	0.17986138888578324	0.38612926379585044	0.004806570885563932	8.0	198552
TEC1	0.3737428897988712	1.0340912612398072	0.39374288979887123	0.013185540996121941	7.0	198552
TEF	0.22421724613579386	10.815155529951735	0.27421724613579385	0.06363684924176378	10.0	198552
TEIL	0.3496679838896819	2.484581333961397	0.3796679838896819	0.02204662145278622	8.0	198552
TEM1	0.38178602213113816	0.5543124252019141	0.4017860221311382	0.04211065511573094	8.0	198552
TFAP2A	0.21690370681611365	16.95842694091435	0.29690370681611367	0.04402610658641655	9.0	198552
TFAP2B	0.16125012061760752	25.742977204842024	0.26125012061760755	0.12049436540302222	9.0	198552
TFAP2C	0.2113605526224963	20.368418228566153	0.3013605526224963	0.0946693122374097	9.0	198552
TFAP2E	0.11589954538437862	29.608786043626438	0.25589954538437865	0.018607948980642153	9.0	198552
TFAP4	0.284356565060065	5.354067058495403	0.324356565060065	0.0006075724132455124	10.0	198552
TFAP4::ETV1	0.2532340594742283	5.096921296112009	0.2832340594742283	0.019996801007196405	13.0	198552
TFAP4::FLI1	0.2636659436764852	2.779726597300405	0.28366594367648523	0.019587739907245057	14.0	198552
TFCP2	0.28711548706574463	3.9321647084703075	0.31711548706574466	0.06997324400102005	9.0	198552
TFDP1	0.2781879570403957	7.976240040150153	0.32818795704039566	0.04135451612730931	8.0	198552
TFE3	0.2352987460726627	6.499424829961201	0.2752987460726627	0.13976007323756437	10.0	198552
TFEB	0.28018683686047957	5.772343526235507	0.33018683686047956	0.057599192572309665	8.0	198552
TFEC	0.30050981638093194	1.8326221287331093	0.32050981638093196	0.03379682632252867	8.0	198552
TFLG2-Zm00001d042777	0.2541547509462776	3.0749451646488155	0.2841547509462776	0.0504886917479394	8.0	198552
TGA1	0.328536874180589	0.9981178342258433	0.34853687418058904	0.008342541740851042	8.0	198552
TGA10	0.28706148433755935	0.7640529841165032	0.29706148433755936	0.050737810749726844	10.0	198552
TGA1A	0.3400224236019035	1.3050482294767674	0.3600224236019035	0.015311082812113694	7.0	198552
TGA2	0.2549404431883937	3.0908901983957264	0.2749404431883937	0.1330485154897455	10.0	198552
TGA3	0.2653871642590562	2.1898477154614255	0.2853871642590562	0.0036774881596513733	11.0	198552
TGA4	0.2913879737561117	1.6944059677665104	0.3113879737561117	0.0002989206476010984	11.0	198552
TGA5	0.25063609845282775	3.916851129946331	0.2806360984528278	0.0204799366578996	9.0	198552
TGA6	0.27902197423317276	3.4264347351653903	0.3090219742331728	0.01034625824918313	10.0	198552
TGA7	0.24914436282148472	3.799883843763922	0.2791443628214847	0.016585000666815678	10.0	198552
TGA9	0.27056323670322385	1.7277519009712161	0.29056323670322387	0.01669040024816407	11.0	198552
TGIF1	0.2595470270876419	1.7709179131651092	0.2795470270876419	0.0715653478296446	12.0	198552
TGIF2	0.24194364620605055	2.16792525910798	0.26194364620605054	0.029607154983302665	12.0	198552
TGIF2LX	0.21470050701871524	6.20391448738609	0.24470050701871524	0.0011461764610881154	12.0	198552
TGIF2LY	0.21840043622633035	5.234493022720093	0.24840043622633035	0.04690116063883767	12.0	198552
THAP1	0.3175298202682181	4.188178580114956	0.35752982026821806	0.0005487219457623791	8.0	198552
THAP11	0.23664967845654647	3.405197931170781	0.25664967845654646	0.00837047179187106	18.0	198552
THI2	0.26256244606512164	2.2536257033178035	0.28256244606512165	0.008387094019852402	15.0	198552
THRA	0.2148058603111071	7.395503582215367	0.2448058603111071	0.008019618089484325	18.0	198552
THRB	0.2302754078568637	4.668017563001727	0.2602754078568637	0.19502315346410795	18.0	198552
TINY	0.2857148209573905	7.8581268103717985	0.33571482095739047	0.008928655359490658	9.0	198552
TOD6	0.32305494727119427	1.0747984423563282	0.3430549472711943	0.01828009775047772	10.0	198552
TOE2	0.30772567978574306	2.55989129844945	0.3377256797857431	0.0012531704126079618	8.0	198552
TOS8	0.39932881719801755	0.7424026986592057	0.41932881719801757	0.001458265338480427	6.0	198552
TP53	0.19418607536014512	9.959214605270079	0.23418607536014513	0.11535045418220197	18.0	198552
TP63	0.20666809011887174	5.3444325338552225	0.23666809011887174	0.22961502814271026	18.0	198552
TP73	0.20348473444024326	13.355264615664641	0.2534847344402433	0.07981769667726574	16.0	198552
TRB1	0.3462457880783226	0.287341198858307	0.35624578807832263	0.0009322423658445943	9.0	198552
TRB2	0.31713649566410695	0.7100109567878639	0.32713649566410696	0.05549477429365682	11.0	198552
TREE1	0.3809163838310668	5.465420308775673	0.4509163838310668	0.016279719240929306	5.0	198552
TRP1	0.20723900762350117	8.581123534679312	0.23723900762350117	0.021798717127728254	21.0	198552
TRP2	0.20753427586947937	11.99298555418989	0.24753427586947938	0.002853713006363128	21.0	198552
TRP5	0.34521384028745566	1.7818107128815808	0.37521384028745564	0.01639059033071307	7.0	198552
TRPS1	0.33679747216834777	4.246663331059638	0.37679747216834775	0.0054814617331061955	8.0	198552
TSAR1	0.24066579813860825	3.676478651430358	0.27066579813860825	0.022412988847684823	8.0	198552
TSAR2	0.18592059453327012	14.255608582720932	0.23592059453327013	0.15454150149527263	8.0	198552
TSO1	0.13838170856733673	28.47686489057837	0.27838170856733674	0.0064664974443274514	15.0	198552
TWIST1	0.3525190163938975	0.8090098720813214	0.3725190163938975	0.012019019396984255	8.0	198552
TYE7	0.3502894754134877	3.1379868760398715	0.3802894754134877	0.0492705390336398	7.0	198552
Tbox-a	0.3296028798937514	2.2932384870087987	0.3596028798937514	0.003381487689335909	9.0	198552
Tbox-b	0.35207152637802236	0.7170836216547054	0.3720715263780224	0.04975606107077934	8.0	198552
Tbx15_18_22	0.2620331147010194	4.000705173626807	0.29203311470101945	0.015130180031114627	14.0	198552
Tbx2_3	0.35311687624251004	1.3593164471900336	0.37311687624251005	0.047223429228959175	8.0	198552
Tbx6	0.35013893610187496	0.7535220509193071	0.370138936101875	0.024062912041489574	9.0	198552
Tbxt	0.3296831172122371	0.14622612722911776	0.3396831172122371	0.07849830467486317	11.0	198552
Tcf12	0.3112814530660777	2.580584211235583	0.3412814530660777	0.016373963071588185	6.0	198552
Tcf21	0.2854739932217121	2.6741955406928475	0.3054739932217121	0.10606868158161051	10.0	198552
Tcf3	0.2963769907855679	4.262748236603734	0.3263769907855679	0.08783006211100294	10.0	198552
Tcf3-4-12	0.37779600843012495	1.1612269763066727	0.39779600843012497	0.04623415255543197	6.0	198552
Tcf7	0.2937366900549056	3.522503012779408	0.3237366900549056	0.0013087836627876945	12.0	198552
Tcfl5	0.18362545326527704	16.992567143470495	0.2536254532652771	0.04162274905973742	8.0	198552
TfAP-2	0.1252575564403101	29.310177932147052	0.2452575564403101	0.0450447694576822	9.0	198552
Tfcp2l1	0.19329186614011973	16.676535854474228	0.2532918661401197	0.0012325933395304297	14.0	198552
Thap11	0.27275428579944166	0.5974070038501051	0.2827542857994417	1.2038826011744571e-05	14.0	198552
Trl	0.3150418033170851	4.397650949189059	0.35504180331708507	0.004701942600676287	9.0	198552
Twist2	0.2797702784544284	4.467689729276574	0.3197702784544284	0.0015213340436542573	6.0	198552
UB3	0.33426497262245275	1.1694753878959079	0.35426497262245277	0.002171301937992412	10.0	198552
UGA3	0.24988694092251923	23.478384583692502	0.3598869409225192	0.03803963826071343	7.0	198552
UME6	0.23999857725220464	11.081795460771751	0.29999857725220463	0.07110571346898614	12.0	198552
UNCX	0.17543613905480612	31.05496097859557	0.3654361390548061	0.028288189527562225	6.0	198552
UNE10	0.2894225555429557	1.861934782592815	0.3094225555429557	0.06396886839179607	7.0	198552
UPC2	0.42052080307925305	0.003799273561801865	0.42052080307925305	0.003799273561801865	6.0	198552
URC2	0.35660889950958763	0.3786107102616061	0.36660889950958764	0.012265559279047832	8.0	198552
URI	0.2701901493796634	3.555951064213254	0.3001901493796634	0.03729924218518634	6.0	198552
USF1	0.2716470640261019	4.200766985108727	0.30164706402610186	0.02162625030800182	10.0	198552
USF2	0.2401269486203676	6.262182467567785	0.27012694862036757	0.0921461329952609	10.0	198552
USV1	0.2932880505003556	3.0802612450326	0.3232880505003556	4.5391311941948434e-05	10.0	198552
Ubx	0.25629707666659085	16.673043102084687	0.35629707666659083	0.031370673245145864	7.0	198552
Usf	0.30883284530162486	2.093144188293766	0.33883284530162483	0.058167998883297704	8.0	198552
VAX1	0.22354180162964823	22.763496793529374	0.3435418016296482	0.029099711815894356	7.0	198552
VAX2	0.2093306778682007	25.35815492957726	0.3993306778682007	0.0007610278443409543	6.0	198552
VDR	0.33936028646904304	1.2744033299592137	0.35936028646904306	0.0068130404321119714	8.0	198552
VENTX	0.2234570013308777	25.105322777690546	0.3334570013308777	0.02512382525545004	9.0	198552
VEZF1	0.19312384586071898	28.137851575841548	0.33312384586071897	0.02181961509892052	6.0	198552
VIP1	0.3134996961680503	1.0724313475780438	0.3334996961680503	0.03550257132876957	10.0	198552
VIT_15s0048g01150	0.2531465134590632	10.514581858149308	0.3131465134590632	0.011228822068601898	8.0	198552
VIT_17s0000g10420	0.2952303928740091	2.7867348117374644	0.3252303928740091	0.04068581309819952	8.0	198552
VOZ2	0.4247099497356888	0.029415188860365937	0.4247099497356888	0.029415188860365937	4.0	198552
VSX1	0.1764738284164681	30.80697474098849	0.3264738284164681	0.027432733353646276	7.0	198552
VSX2	0.1935327584199957	28.004320941290135	0.33353275841999575	0.06848927307063347	7.0	198552
Vdr	0.3725309254366165	0.36064959039291195	0.3825309254366165	0.01752482801241884	7.0	198552
Vsx1	0.15214182441600793	32.98679759432936	0.34214182441600793	0.0010253248076788639	7.0	198552
Vsx2	0.2513648565756043	11.187765849781437	0.3113648565756043	0.07124089695859176	9.0	198552
WIN1	0.25612114690012966	14.568028075118418	0.34612114690012963	0.04853283929343576	6.0	198552
WIP5	0.3087392183750697	1.9720471460232027	0.3287392183750697	0.02384565143312068	13.0	198552
WRKY1	0.33278212355865255	0.3374614310596834	0.34278212355865256	0.00013865281295929088	10.0	198552
WRKY11	0.32802406391649447	0.7017775619665865	0.3380240639164945	0.06423112131940706	11.0	198552
WRKY12	0.3444420607609814	0.09256587420864776	0.3544420607609814	0.06324473650100644	8.0	198552
WRKY14	0.33638490726280407	0.5796516660526324	0.3463849072628041	0.02689552372557824	10.0	198552
WRKY15	0.34868744688933573	0.2012869056324354	0.35868744688933574	0.006274292561178401	8.0	198552
WRKY17	0.33257860978054277	0.48988466198692837	0.3425786097805428	0.01148704580988876	10.0	198552
WRKY18	0.41979331424917504	0.1260125569811688	0.42979331424917505	0.003750630232180301	6.0	198552
WRKY2	0.3712839875149726	0.018113409166611836	0.3712839875149726	0.018113409166611836	7.0	198552
WRKY20	0.3587635066254554	0.5703233503938688	0.36876350662545543	0.04931350695465342	8.0	198552
WRKY21	0.3066066554109212	2.112438204966434	0.3266066554109212	0.06911242794004926	11.0	198552
WRKY22	0.3355999340369339	0.8808492281019488	0.3555999340369339	0.03732523149093988	10.0	198552
WRKY23	0.35226688981857396	0.14733510541548683	0.36226688981857397	0.029614460280334917	8.0	198552
WRKY24	0.3274954420380488	0.8882552442829208	0.34749544203804883	0.057534968366897636	11.0	198552
WRKY25	0.3550313452887824	0.15557608894229524	0.3650313452887824	0.019328517804200484	8.0	198552
WRKY26	0.33069745386597704	0.4505992400379529	0.34069745386597705	0.0018765771503476314	11.0	198552
WRKY27	0.32444450688185683	0.6926245867178836	0.33444450688185684	0.04530455295710248	11.0	198552
WRKY28	0.37599739402092974	0.16747137358073994	0.38599739402092975	0.004332358012584448	7.0	198552
WRKY29	0.34941391847316644	0.6639715075310122	0.36941391847316646	0.07384936178260672	9.0	198552
WRKY3	0.3276635879308125	1.000269281940218	0.34766358793081253	0.033476534990287916	11.0	198552
WRKY30	0.34560696889704545	0.22672927358210118	0.35560696889704546	0.00810793402656851	9.0	198552
WRKY31	0.35586653406464913	0.2641939483482168	0.36586653406464914	0.00040081103713044173	8.0	198552
WRKY33	0.3398990180450807	0.5248654066985088	0.3498990180450807	0.025257193554061197	10.0	198552
WRKY38	0.34707302018482633	0.10031898481563399	0.35707302018482634	0.05708597119452727	8.0	198552
WRKY40	0.40585477414127447	0.008107142726344036	0.40585477414127447	0.008107142726344036	6.0	198552
WRKY42	0.36393353446093185	0.25659048975907156	0.37393353446093186	8.350526494867e-06	8.0	198552
WRKY43	0.4052445568119535	0.1437580586701015	0.4152445568119535	0.00204077047788591	6.0	198552
WRKY45	0.33830371872453463	0.8776891134214181	0.35830371872453465	0.04091354502829508	10.0	198552
WRKY46	0.3228237947005772	0.5711182859420705	0.3328237947005772	0.018830785801551404	10.0	198552
WRKY47	0.34941894142047975	0.27225220780654485	0.35941894142047975	0.0024065923356382476	9.0	198552
WRKY48	0.42111525292418006	2.165070443342102	0.46111525292418004	0.005118446337884287	5.0	198552
WRKY50	0.3634926595093367	0.4898448310531417	0.3734926595093367	0.03204766791679577	9.0	198552
WRKY51	0.36281654385319584	5.6569884766620495	0.43281654385319585	0.03276861095441289	6.0	198552
WRKY53	0.384976370866437	0.3479234914072318	0.394976370866437	0.01736832826968967	7.0	198552
WRKY55	0.34405697566580895	1.2926345353919695	0.36405697566580897	0.003968001532094053	9.0	198552
WRKY57	0.37990272708072476	2.3282043506151786	0.41990272708072474	0.002448444153509432	6.0	198552
WRKY59	0.3446420427484881	0.7664524624390268	0.3646420427484881	0.044157859067801154	10.0	198552
WRKY6	0.3555194428066833	0.10139424480341436	0.3655194428066833	0.04500891277018869	8.0	198552
WRKY60	0.3742400886942261	0.01132269515140674	0.3742400886942261	0.01132269515140674	7.0	198552
WRKY62	0.34820487007459416	0.05956581717119165	0.34820487007459416	0.05956581717119165	8.0	198552
WRKY63	0.4027321331951735	0.04894306729164773	0.4027321331951735	0.04894306729164773	6.0	198552
WRKY65	0.33837823371507086	0.5485087076259598	0.3483782337150709	0.03151201553437619	10.0	198552
WRKY7	0.31910451462062533	0.6433828389474039	0.32910451462062534	0.022432689536390524	11.0	198552
WRKY70	0.3273891494290103	0.2690915979943583	0.3373891494290103	0.0044096108073218825	10.0	198552
WRKY71	0.34584106308954227	0.5093408808219871	0.3558410630895423	0.030987149763805417	10.0	198552
WRKY75	0.373958056495371	0.47061630996418097	0.383958056495371	0.03772746190983331	7.0	198552
WRKY8	0.3238272293657008	1.0013218379835929	0.3438272293657008	0.06210704377810976	11.0	198552
Wt1	0.25450132527568553	10.304393600420921	0.31450132527568553	0.03643637903415791	10.0	198552
XBP1	0.3255395932011392	3.0752911678978374	0.35553959320113915	0.020630275573106913	6.0	198552
Xbp1	0.2975396474539682	1.7873517804251327	0.31753964745396823	0.03020313751685759	8.0	198552
Xrp1	0.2959036217152483	1.6860735447682922	0.31590362171524833	0.002073071005600313	10.0	198552
YAB4	0.32985459106545106	4.652595512538912	0.36985459106545104	0.0006676474950901873	11.0	198552
YAP1	0.23411667504794273	6.18641530217107	0.26411667504794273	0.11969154164470136	10.0	198552
YAP3	0.36646065451916426	0.7045761405819472	0.3864606545191643	0.038167246577728534	7.0	198552
YAP5	0.31546356647921336	11.134369874856974	0.40546356647921333	1.734287205225503e-05	6.0	198552
YAP6	0.27808154021591114	4.210549907597385	0.30808154021591116	0.06884861865968736	10.0	198552
YAP7	0.28692356562189203	4.055028189857599	0.31692356562189206	0.03492927766963849	11.0	198552
YER130C	0.3619038768253971	1.063207364739912	0.3819038768253971	0.02393841215721615	7.0	198552
YER184C	0.30002195818776367	11.16585653529195	0.3800219581877637	0.02411027811725816	6.0	198552
YGR067C	0.28574965106964473	16.633952872330326	0.37574965106964475	0.0003183683379895152	6.0	198552
YHP1	0.2978507306234705	13.15755289520327	0.4078507306234705	0.027637500880452415	6.0	198552
YKL222C	0.2925071854408538	13.427768180336088	0.3725071854408538	0.001182026651894387	8.0	198552
YLL054C	0.22719966508020648	27.868832840544535	0.3871996650802065	0.043729173200442256	7.0	198552
YLR278C	0.3192387807395526	6.196302661458577	0.3692387807395526	0.024372473950054065	7.0	198552
YNR063W	0.3623797170293942	0.16483920280420755	0.3723797170293942	0.010804354832453749	8.0	198552
YOX1	0.18142494200062506	32.08024403050545	0.361424942000625	0.045064523067809295	7.0	198552
YPR013C	0.3762712272780514	0.050215207153037705	0.3762712272780514	0.050215207153037705	7.0	198552
YPR015C	0.30650525686345464	0.6562944042870824	0.31650525686345465	0.03169204251739206	11.0	198552
YPR022C	0.3314446320317219	13.463512343949134	0.41144463203172194	0.0038327316590848464	6.0	198552
YPR196W	0.31743592851065494	6.0125560926204695	0.36743592851065493	0.01978077863695749	9.0	198552
YRM1	0.4070322608345651	0.11461980869551414	0.4170322608345651	0.007370222941573973	7.0	198552
YRR1	0.301774555855271	11.584053391087226	0.371774555855271	0.01865456541398761	10.0	198552
YY1	0.3167660581575873	1.8306821698876132	0.3367660581575873	0.018873214434803283	12.0	198552
YY1-2	0.26699597278782156	2.8522527304728102	0.2869959727878216	0.047365439764120144	13.0	198552
YY2	0.32253947819744955	2.6162631535276004	0.3525394781974496	0.018535547294805978	7.0	198552
Yy1	0.36311514532821276	1.242548360629897	0.3831151453282128	0.020852388192339453	8.0	198552
ZAP1	0.2415916913764144	1.307612481857144	0.2515916913764144	0.083710663487852	15.0	198552
ZAT10	0.3269494565395274	4.673175507194101	0.3669494565395274	0.03805552202204143	10.0	198552
ZAT6	0.303504346801714	8.549108569514647	0.363504346801714	0.0029345642553801035	8.0	198552
ZBED1	0.23416735379084247	3.790619376135667	0.2541673537908425	0.1253085018756325	12.0	198552
ZBED2	0.37059267976231564	0.2554339489591092	0.38059267976231564	8.832682640117675e-05	7.0	198552
ZBED4	0.1331202924381434	32.598919826593004	0.2731202924381434	0.043381201746853774	10.0	198552
ZBTB11	0.3208427948003808	1.762810863731975	0.3408427948003808	0.060463469804786826	9.0	198552
ZBTB12	0.36642027483003825	0.0008975858356683652	0.36642027483003825	0.0008975858356683652	7.0	198552
ZBTB14	0.30770184153744523	3.889332139493213	0.3477018415374452	0.020292637436912463	8.0	198552
ZBTB17	0.20636104723437496	9.18674758609269	0.256361047234375	0.1360089150576846	8.0	198552
ZBTB18	0.3186573420396174	1.6375291434779071	0.3386573420396174	0.016559913659551135	11.0	198552
ZBTB24	0.26916178461800166	6.593772449048598	0.30916178461800164	0.00020780145235648498	10.0	198552
ZBTB26	0.33755804407011364	1.6993738331124486	0.35755804407011366	0.06853140779043874	8.0	198552
ZBTB32	0.3200603272553905	2.31263104811731	0.3500603272553905	0.015623839231605844	10.0	198552
ZBTB33	0.19983038451733895	16.91487368115517	0.259830384517339	0.1404104656493798	10.0	198552
ZBTB6	0.316736160930586	1.9430657404523706	0.336736160930586	0.060116148432825395	9.0	198552
ZBTB7A	0.3179492573106029	2.6768117553460207	0.3479492573106029	3.919020643034487e-05	9.0	198552
ZBTB7B	0.2595021662421526	10.667406888678501	0.3195021662421526	0.04872444024588037	10.0	198552
ZBTB7C	0.3045932966788775	7.979411493771872	0.3645932966788775	0.0035508267025120737	8.0	198552
ZEB1	0.35948642456653457	1.721842321438229	0.3894864245665346	0.0010337146930428705	6.0	198552
ZFP14	0.25973620902823236	5.970828273124166	0.29973620902823234	0.08806304719354734	15.0	198552
ZFP42	0.3021864643998788	1.2040572711842867	0.3221864643998788	0.04822694722374798	13.0	198552
ZFP57	0.2964300172290348	6.717445288305715	0.3564300172290348	0.06440901162508866	7.0	198552
ZHD1	0.1104765782692637	31.882542003906703	0.2904765782692637	0.044989568433547	9.0	198552
ZHD10	0.1352036578892293	35.201711287304214	0.3052036578892293	0.027933469063929392	8.0	198552
ZHD14	0.23408430950849393	19.376714664481188	0.3140843095084939	0.09779937688906049	11.0	198552
ZHD3	0.17611473921482124	28.214613835058174	0.30611473921482124	6.012154501178421e-06	9.0	198552
ZHD5	0.2557545295913079	14.150824671986287	0.3357545295913079	0.01549595087277939	8.0	198552
ZHD6	0.17877042225479603	26.39928762523455	0.308770422254796	0.04170379904039852	12.0	198552
ZHD9	0.15301957519329065	30.09789717854732	0.2930195751932907	9.27701177612469e-06	15.0	198552
ZIC1	0.18000521959295207	23.085922502674915	0.2600052195929521	0.12751428594605874	14.0	198552
ZIC3	0.19822873145409006	16.996462616343752	0.2582287314540901	0.042356972089168894	15.0	198552
ZIC4	0.19801032541513883	19.04947343193661	0.2780103254151388	0.10924125227929803	14.0	198552
ZIC5	0.16321350871509374	30.467952731359176	0.24321350871509373	0.058695053975157695	15.0	198552
ZIM3	0.32413849282081547	2.318699717944158	0.35413849282081544	0.018776975370859015	11.0	198552
ZIPIC	0.30424128104782344	3.2231351090320435	0.33424128104782347	0.0002943371487784513	10.0	198552
ZKSCAN1	0.3544390911780638	0.29949499918244515	0.36443909117806383	1.1887408757758142e-05	9.0	198552
ZKSCAN3	0.21724202308918514	8.642377072976545	0.25724202308918515	0.012888602591814404	14.0	198552
ZKSCAN5	0.3195037105295682	0.9749641345603165	0.33950371052956824	0.028518396166874085	9.0	198552
ZMS1	0.21034220400474246	25.901900394349067	0.33034220400474246	0.0010074259832195164	7.0	198552
ZNF135	0.24190448707508122	5.524290094308015	0.2719044870750812	0.0008532564392554007	14.0	198552
ZNF136	0.24435799376587966	3.7458193496735075	0.26435799376587965	0.10698198085014991	15.0	198552
ZNF140	0.23515212819532685	2.359878101460376	0.25515212819532684	0.07254202660359393	19.0	198552
ZNF143	0.26685728070628834	1.152770291566857	0.27685728070628834	0.05941945780262454	16.0	198552
ZNF148	0.24217654480139877	16.335718314852514	0.3121765448013988	0.06414980587065605	10.0	198552
ZNF157	0.20630270408269955	6.803149591697293	0.23630270408269954	0.2389819446390323	21.0	198552
ZNF16	0.2212488222675075	4.957318331245553	0.2412488222675075	0.20722646965871971	21.0	198552
ZNF175	0.3581637357714235	0.2610694257106359	0.36816373577142353	0.00131299421464486	9.0	198552
ZNF184	0.2751001838780656	4.857144364050578	0.3051001838780656	0.060688107813016014	13.0	198552
ZNF189	0.34884630963133395	0.22699608912321262	0.35884630963133396	0.008584143038087052	9.0	198552
ZNF211	0.30725430423234434	0.8562699046258153	0.32725430423234436	0.07739162880103906	10.0	198552
ZNF213	0.18677764179116926	23.348449472927133	0.28677764179116927	0.04993212196513674	12.0	198552
ZNF214	0.2835404588933979	3.59521055290467	0.3135404588933979	0.01754464036060887	13.0	198552
ZNF24	0.23510719975351455	8.37204800936264	0.27510719975351455	2.9843646235247228e-06	13.0	198552
ZNF257	0.2950695683035114	5.350940843900011	0.33506956830351137	0.012840691779695433	10.0	198552
ZNF263	0.3562643151427106	1.49736320474433	0.38626431514271065	0.03298050717913018	7.0	198552
ZNF274	0.2863744648877094	2.374703739580828	0.3063744648877094	0.0737682531579653	12.0	198552
ZNF281	0.22404083159073948	16.16339501317075	0.29404083159073946	0.029791125940227776	10.0	198552
ZNF282	0.27787225740863963	1.1525088505410392	0.28787225740863964	0.09581006806534664	15.0	198552
ZNF317	0.34993949206263336	0.8533738337686803	0.3699394920626334	0.019393297518929556	8.0	198552
ZNF320	0.17675538762727758	18.86643695625936	0.2267553876272776	0.030844206238708673	20.0	198552
ZNF324	0.270575914887814	4.5674528862476365	0.300575914887814	0.013501360807939684	14.0	198552
ZNF331	0.2850692813518997	3.798964830155559	0.3150692813518997	0.011904079663796358	10.0	198552
ZNF341	0.3630792447585297	0.15023875523838268	0.3730792447585297	0.014857279922418361	8.0	198552
ZNF343	0.25975915561978874	2.8886345058312997	0.27975915561978876	0.03801655106705645	16.0	198552
ZNF35	0.30658867197736234	7.649455226456374	0.36658867197736233	0.001593665767833353	7.0	198552
ZNF354A	0.20987132222432697	20.75545790304479	0.279871322224327	4.755819890649998e-05	20.0	198552
ZNF354C	0.40306267531156387	3.317011341093758	0.45306267531156386	0.030066326607301252	6.0	198552
ZNF382	0.18848522091344994	7.6861777972214504	0.20848522091344993	0.35959622094848864	24.0	198552
ZNF410	0.268451590728304	0.7666687252576722	0.278451590728304	0.001703816943469417	16.0	198552
ZNF416	0.3013677106284223	7.299993746486626	0.3513677106284223	0.0031672226173725783	10.0	198552
ZNF417	0.30617690144833914	4.175674058137977	0.3461769014483391	0.023596931400451215	7.0	198552
ZNF418	0.2629153916462569	6.036134154130333	0.30291539164625686	0.10836448680928885	15.0	198552
ZNF449	0.28188212306081223	8.523491755466623	0.3318821230608122	0.0013965086892598142	10.0	198552
ZNF454	0.15900833363207542	24.40022909611495	0.22900833363207543	0.2064024998594352	17.0	198552
ZNF460	0.1869003128212307	20.469719637834547	0.2469003128212307	0.08555202577251166	16.0	198552
ZNF524	0.28965375109537783	3.1996919276348454	0.31965375109537786	0.002927786463080188	9.0	198552
ZNF528	0.22209860833129408	4.604841633238414	0.24209860833129407	0.18605085079403144	17.0	198552
ZNF530	0.21819826000600204	15.444487097581955	0.278198260006002	0.001864201671835448	14.0	198552
ZNF547	0.2827828150353723	0.6884283250592401	0.2927828150353723	0.015222873996118262	13.0	198552
ZNF549	0.2927153278248629	7.751028461787712	0.3427153278248629	0.055228405484851195	8.0	198552
ZNF558	0.17038682067014968	16.262204235719928	0.2103868206701497	0.013166753231465626	29.0	198552
ZNF574	0.26423655167748605	4.396383747647984	0.2942365516774861	0.0023582676107976484	14.0	198552
ZNF582	0.24818772262621713	1.3565566695437314	0.25818772262621714	0.09504116212718756	19.0	198552
ZNF652	0.33942535116104344	0.6522394036376116	0.34942535116104345	0.061162367267191896	9.0	198552
ZNF667	0.3018887285913821	0.8987990197692853	0.3218887285913821	0.10000124633072104	11.0	198552
ZNF669	0.2164345554945917	7.98609749911402	0.2564345554945917	0.13697756679092202	15.0	198552
ZNF675	0.2371543602797771	5.105532687867475	0.2671543602797771	0.07985676673360956	19.0	198552
ZNF677	0.30210590627020706	3.1518071979142497	0.3321059062702071	0.014881838929291364	12.0	198552
ZNF680	0.29087456669255374	3.4067705451848864	0.32087456669255376	8.130292996232464e-05	11.0	198552
ZNF682	0.24823088911633862	9.168370221487617	0.2982308891163386	0.022503084576452875	11.0	198552
ZNF684	0.2587485859981923	3.2927282049306967	0.2787485859981923	0.10204066426936542	14.0	198552
ZNF692	0.2603139776007616	10.878029348239039	0.3303139776007616	0.04705304621372713	8.0	198552
ZNF701	0.20498153626354446	13.142824849990928	0.24498153626354446	0.16096709357483074	17.0	198552
ZNF707	0.24344571759816522	0.9746605833566896	0.2534457175981652	0.01577739665435488	15.0	198552
ZNF708	0.2947573459165227	2.2625607878808025	0.3247573459165227	0.06733485255532592	9.0	198552
ZNF740	0.1871892170996703	22.041124302659416	0.2671892170996703	0.014759657353744815	10.0	198552
ZNF75A	0.30229485746396123	2.2364467197894204	0.32229485746396125	0.06203991744670809	12.0	198552
ZNF75D	0.2881845756085188	2.0026452039176816	0.3081845756085188	0.018469880758664767	12.0	198552
ZNF76	0.23380015957833167	11.212961221014568	0.28380015957833166	0.08722213488202184	17.0	198552
ZNF766	0.3386596730015969	1.8361823264642205	0.36865967300159685	0.06442583054575009	9.0	198552
ZNF768	0.32861578067244157	3.8774846816005155	0.36861578067244155	1.110118567473282e-05	9.0	198552
ZNF770	0.3034431463325711	6.845921997864572	0.35344314633257107	0.029524675009976662	8.0	198552
ZNF784	0.3387928086389901	0.34940261487175245	0.3487928086389901	0.0015946979116214554	8.0	198552
ZNF8	0.22762253172930774	3.0926787247143492	0.24762253172930773	0.048979014454847015	20.0	198552
ZNF816	0.2477352099520169	7.9603105991693255	0.2877352099520169	1.3067676423777181e-06	15.0	198552
ZNF85	0.31783077975349233	0.7213863118101788	0.32783077975349234	0.041741254659892306	12.0	198552
ZNF93	0.14484227020295487	27.386460040400333	0.22484227020295489	0.07509611569536111	14.0	198552
ZSCAN16	0.24579227932556527	0.2995260821507565	0.25579227932556525	0.18218929841591097	18.0	198552
ZSCAN21	0.3717147926497191	0.376259179309921	0.3817147926497191	0.02051544116505216	7.0	198552
ZSCAN29	0.26564694718386195	3.697508467093464	0.295646947183862	0.004206674829904136	11.0	198552
ZSCAN31	0.24359325263762924	0.5401027096105362	0.2535932526376292	0.05481109969741843	18.0	198552
ZSCAN4	0.2801070026315197	0.7426587307790554	0.29010700263151973	0.00838039627526499	15.0	198552
Zbtb2	0.2838670597679049	4.540487881321941	0.31386705976790485	0.08937329183924982	10.0	198552
Zfp335	0.3684888019180825	4.5788083420019605	0.41848880191808246	0.012080707405248236	7.0	198552
Zfp809	0.3251689700261184	1.6430181865343407	0.3451689700261184	0.034621529577434536	9.0	198552
Zfp961	0.24084066982310753	13.17838983609089	0.31084066982310754	0.0592885972567291	8.0	198552
Zfx	0.27644715580827245	7.69974328779443	0.32644715580827244	0.001771337098988286	10.0	198552
Zic1::Zic2	0.30359149916217437	6.693475837105369	0.35359149916217436	0.03601563826050152	7.0	198552
Zic2	0.3019931698402849	5.665985906272826	0.3419931698402849	0.015026834226345482	9.0	198552
Zic3	0.3187006421535031	4.771782179328449	0.35870064215350306	0.04264972503441702	7.0	198552
Zm00001d005692	0.16901124628857364	31.59583180614111	0.33901124628857365	0.04375301844342884	8.0	198552
Zm00001d005892	0.11477003242772027	32.83573934556575	0.26477003242772024	0.0034961592653421822	8.0	198552
Zm00001d015407	0.19735958395700104	18.63792558763483	0.26735958395700105	0.001711900498389445	16.0	198552
Zm00001d018571	0.24707262158380675	3.902035293904437	0.27707262158380674	0.002281676666066597	8.0	198552
Zm00001d020267	0.09701593171539448	35.40396321135202	0.23701593171539448	0.12722851557393916	10.0	198552
Zm00001d020595	0.07970071188144229	31.48537349505758	0.2597007118814423	0.014893664209025678	10.0	198552
Zm00001d024324	0.11435776307213329	34.98532600137971	0.2443577630721333	0.07978623568377435	9.0	198552
Zm00001d024644	0.36666884376849	0.39864526818886237	0.37666884376849	0.021587262972042706	8.0	198552
Zm00001d027846	0.2893574879730444	11.062795720283138	0.3593574879730444	0.0005291467788058565	8.0	198552
Zm00001d031796	0.2079005689151658	16.45210773681399	0.2779005689151658	0.02777491619438732	10.0	198552
Zm00001d034298	0.34638044896966846	2.5089512428606224	0.3763804489696685	0.013963439136419287	7.0	198552
Zm00001d035604	0.3697219050783984	0.08442607490081416	0.3797219050783984	0.04343606068879575	7.0	198552
Zm00001d038683	0.28606410061071685	6.575780192714976	0.33606410061071684	0.01843036690586772	8.0	198552
Zm00001d044409	0.3967555246594353	0.31038141731963426	0.4067555246594353	0.014478793172503078	6.0	198552
Zm00001d044785	0.37560560064918436	0.01359445168390654	0.37560560064918436	0.01359445168390654	7.0	198552
ZmbZIP25	0.2831508893672392	2.676543783584813	0.3131508893672392	0.036410458238040684	10.0	198552
ZmbZIP54	0.25526625672397724	3.1429001706801336	0.2852662567239772	0.0451799113583537	8.0	198552
ZmbZIP57	0.29880251870263824	2.5578249214958495	0.3288025187026382	0.03369375488111687	10.0	198552
ZmbZIP72	0.28815540992167	2.8383585419052193	0.31815540992167	0.030556929552076794	10.0	198552
ZmbZIP96	0.2559491712687593	6.28907208157431	0.2959491712687593	0.006257187883766222	11.0	198552
Znf281	0.2703305821105735	7.412662018719781	0.32033058211057347	0.047157145651269876	11.0	198552
Znf423	0.21700356957181066	7.633729679884832	0.24700356957181066	0.021511123082613905	15.0	198552
abd-A	0.3076975259833912	8.356105133554607	0.36769752598339117	0.02459120000018138	7.0	198552
abi4	0.11826308013753419	30.362203691371242	0.29826308013753416	0.014729705865345546	10.0	198552
ac	0.2511509374867794	9.590197258312708	0.3011509374867794	0.08990392130013242	8.0	198552
achi	0.375202252447807	1.5001505776301645	0.40520225244780705	0.002206003027803946	6.0	198552
acj6	0.25870571976363055	18.04321046477858	0.36870571976363054	0.05924332895673688	8.0	198552
amos	0.3085070845919812	5.1936820426470325	0.34850708459198115	0.019348748733437372	10.0	198552
aop	0.36764054273140756	0.3881906305603522	0.37764054273140757	0.015713443681737226	7.0	198552
ap	0.28754274593156975	10.886338678086414	0.35754274593156976	0.0016409432299634083	7.0	198552
ara	0.4629282005959059	0.7917793573378751	0.4929282005959059	0.0009444352842342013	5.0	198552
atf-2	0.2760313569496455	4.126514939999378	0.30603135694964545	0.05657266357140088	9.0	198552
atf-7	0.29497294329137863	3.6372972045671847	0.3249729432913786	0.020032030550071463	9.0	198552
atfs-1	0.3125853314138096	1.2620927301149967	0.33258533141380964	0.00943949534159959	10.0	198552
ato	0.3335309736736537	2.8331363949743835	0.3635309736736537	0.00876235445047674	9.0	198552
bHLH112	0.3460617932966131	0.002153809177617966	0.3460617932966131	0.002153809177617966	7.0	198552
bHLH130	0.355358923845614	0.6967001201807528	0.37535892384561403	0.05518233309994049	8.0	198552
bHLH18	0.22942734513842097	4.780514986131262	0.259427345138421	0.11323647249476317	15.0	198552
bHLH34	0.32476370958264433	2.441570785178559	0.35476370958264436	0.0007238607413777734	7.0	198552
bHLH74	0.316106560529053	3.53284497324845	0.356106560529053	0.01180308483903527	6.0	198552
bHLH77	0.28239583446712807	2.5125610695701064	0.3023958344671281	0.05140522750729162	12.0	198552
bHLH80	0.33736936824753755	0.2166704488534671	0.34736936824753756	0.008492685188401598	9.0	198552
bZIP14	0.3406959356453583	0.18153172958257707	0.35069593564535834	0.007959740892129016	8.0	198552
bZIP910	0.3294738084038378	9.720204217486422	0.37947380840383776	0.025613250362663695	7.0	198552
bZIP911	0.2748792132151509	1.2690638696525043	0.2848792132151509	0.13207239076597593	12.0	198552
bap	0.3565164568843789	2.5108579279822547	0.38651645688437886	0.01535577819797994	7.0	198552
bcd	0.38929312059488735	0.26606339829853326	0.39929312059488736	0.008895700510999364	6.0	198552
bigmax	0.31239848373384244	1.349257353808378	0.33239848373384245	0.0006764525473394962	9.0	198552
bin	0.3510174836174545	2.8883481530442716	0.3910174836174545	0.01163800457781535	7.0	198552
blmp-1	0.26308062508015506	12.298450282886247	0.33308062508015507	0.0715595027393	11.0	198552
bowl	0.34488002515937355	0.8784434082153239	0.36488002515937357	0.03237214936857231	8.0	198552
br	0.31209440692113555	12.379474057216013	0.4020944069211355	0.0004030859394174137	8.0	198552
brk	0.23429060368204144	16.178634271945448	0.3142906036820414	0.006259001394469241	8.0	198552
bs	0.3069633910699995	1.2991158849752646	0.3269633910699995	0.0218541447713264	10.0	198552
bsh	0.2909528683037129	10.466288009874443	0.3609528683037129	0.004799485916852701	7.0	198552
btd	0.2886272327486807	5.901565272260641	0.32862723274868066	0.07533366115363996	9.0	198552
btn	0.31751450057951247	6.814593217153348	0.37751450057951247	0.04352989907172561	7.0	198552
byn	0.320942394211067	4.079684325429268	0.360942394211067	0.002480495226279962	9.0	198552
cad	0.24259217624303908	16.279871224562022	0.3225921762430391	0.08564541011143831	11.0	198552
cassava45561.m1	0.23339361684664037	12.413769862716853	0.29339361684664034	0.07161114807589486	9.0	198552
caup	0.4683957769546402	0.2002753851006933	0.4883957769546402	0.020721374699305222	5.0	198552
cebp-1	0.26809585769957106	7.833133870465381	0.31809585769957105	0.011826401117235045	11.0	198552
ceh-10	0.1577365095810116	29.465180836786452	0.32773650958101164	0.03060435592898396	11.0	198552
ceh-10::ttx-3	0.2651768566536409	3.6998429005354274	0.2951768566536409	0.05328930960960944	14.0	198552
ceh-18	0.2616382412133098	18.686779993173253	0.3716382412133098	0.058267841598007714	8.0	198552
ceh-22	0.34337503555138255	0.938580904875346	0.36337503555138256	0.010998739144631207	9.0	198552
ceh-23	0.17668962048090825	27.80490431488984	0.37668962048090826	0.0015482220795364802	6.0	198552
ceh-28	0.26470706737598904	5.247815060354445	0.304707067375989	0.04796565204265354	10.0	198552
ceh-36	0.3767119197297733	2.378577454968173	0.4167119197297733	0.019920624943649944	6.0	198552
ceh-38	0.22920008572967995	16.002143343008317	0.2892000857296799	0.05626028886442292	14.0	198552
ceh-39	0.2743502510765413	8.805472085903604	0.3243502510765413	0.0007130790597789092	11.0	198552
ceh-43	0.13843961629742962	31.37665441259857	0.3484396162974296	0.04411392759767216	7.0	198552
ceh-48	0.3264225868034959	7.695121195115528	0.3964225868034959	0.01445101046009077	5.0	198552
ceh-60	0.33269270517758937	0.6271745384746211	0.3426927051775894	0.05747736291283193	9.0	198552
ces-2	0.16058009736619408	37.36442212681726	0.3205800973661941	0.07738195704534111	9.0	198552
cg	0.2556863548159	7.1551791040998936	0.2956863548159	0.00833310028625825	11.0	198552
che-1	0.39892484925264443	0.0010276537591797604	0.39892484925264443	0.0010276537591797604	6.0	198552
ci	0.29828259601028306	1.7494721855594577	0.3182825960102831	0.005340437120034955	11.0	198552
clk	0.2924844987222537	3.396507261053692	0.3224844987222537	0.055454457763109435	8.0	198552
cnc::maf-S	0.28227383922889576	1.3152519557789983	0.3022738392288958	0.06010522782478146	14.0	198552
cnd-1	0.3638639961168946	0.22447656615219877	0.3738639961168946	0.0013057652406578211	8.0	198552
crc	0.2991140917042486	1.1826975927399905	0.3191140917042486	0.06705807808195874	11.0	198552
cre-1	0.3303118468140512	10.812050293008618	0.4303118468140512	0.011707027153821256	5.0	198552
croc	0.2918474431415792	5.9195840728642555	0.33184744314157916	0.06925041336581997	10.0	198552
crp	0.25169587759854783	5.676892679163955	0.2916958775985478	0.10083073038720465	12.0	198552
ct	0.36604775427512154	1.4710087545274508	0.3960477542751215	0.005027456167721833	6.0	198552
cwo	0.2744183448358127	3.2929631301814495	0.30441834483581265	0.0009957813672043453	8.0	198552
cyc	0.2599745163662091	4.6277744903329765	0.2899745163662091	0.028251704801171038	10.0	198552
da	0.3181091455370239	3.0605364402176023	0.3581091455370239	0.022431634936779247	6.0	198552
daf-12	0.2655766864594192	3.7554103682524684	0.29557668645941915	0.04853836895563824	14.0	198552
daf-16	0.32699284984689025	4.001571531161777	0.36699284984689023	0.0042016452491709985	8.0	198552
dar1	0.24659843774227244	11.849784717491895	0.30659843774227247	0.0034483638166401868	11.0	198552
dimm	0.27602150005519893	2.660588832834376	0.3060215000551989	0.09134590648114341	10.0	198552
dl	0.30743483858386583	1.2101756515686835	0.32743483858386585	0.010836222376276754	10.0	198552
dm	0.3120080840540653	2.3699853929025463	0.34200808405406535	0.0017661655931850435	8.0	198552
dmd-10	0.3927012517394262	0.15446043376444926	0.4027012517394262	0.007414197043832637	8.0	198552
dmrt99B	0.2546679586805838	6.33492038606045	0.29466795868058376	0.015351324973884117	13.0	198552
dpn	0.30107614942535293	3.298167518706728	0.3410761494253529	0.01963208640876924	6.0	198552
dsf	0.34383511734318584	2.1663583557496935	0.37383511734318586	0.0007177224716061288	8.0	198552
dsx	0.32044757547180164	2.494372945316368	0.3504475754718016	0.01075174232259109	7.0	198552
dve	0.3553503632883182	3.190510035991757	0.3953503632883182	0.0017516461747545888	6.0	198552
e_gw1.170.52.1	0.4324441430163421	1.677566235506454	0.4724441430163421	0.0008388985189585155	4.0	198552
e_gw1.209.40.1	0.30419553656612686	1.5896349339917524	0.3241955365661269	0.021806168294309224	6.0	198552
e_gw1.392.16.1	0.42375995987042764	2.9927140556857204	0.4737599598704276	0.0023001280067519335	5.0	198552
efl-1	0.2518313729169354	12.25333936863965	0.3118313729169354	0.022022199032535956	10.0	198552
egl-27	0.3057272991944326	4.750932750779454	0.34572729919443257	0.008046279266935654	11.0	198552
egl-38	0.2773005637333902	0.2292341781665749	0.2873005637333902	0.05978509958501307	11.0	198552
egrh-1	0.23024905507796614	19.10710615670865	0.34024905507796616	0.060660346417571696	8.0	198552
elt-1	0.3466917679339725	3.3202068823517847	0.3866917679339725	0.007266663244033549	8.0	198552
elt-2	0.371671161501645	0.678970740908632	0.391671161501645	0.025047369669026535	8.0	198552
elt-3	0.3125402994615739	2.245457407184372	0.34254029946157394	0.0016542260181269216	8.0	198552
elt-6	0.423674264646896	0.5867733316236914	0.443674264646896	0.00016066197045678344	6.0	198552
elt-7	0.282730994615045	16.545293240324682	0.382730994615045	0.00016329254393216243	7.0	198552
ems	0.3184602176468474	9.44716465112532	0.3884602176468474	0.001178209244875161	7.0	198552
en	0.24050946666473116	19.11491025580443	0.34050946666473114	0.0014175555846304086	7.0	198552
end-3	0.32923012826144393	10.709480909559804	0.4192301282614439	0.00012769672563306086	6.0	198552
eor-1	0.2505562692264573	4.924637553209568	0.28055626922645727	0.017591413331525255	13.0	198552
erm	0.2968872254380893	4.506432804184529	0.3368872254380893	0.06295908164053667	11.0	198552
esg	0.3580224505222513	2.92475149093066	0.39802245052225127	0.0568608021926696	7.0	198552
estExt_Genewise1.C_2060077	0.33776048444822243	0.5439719780864594	0.34776048444822244	0.05555055928433262	7.0	198552
estExt_gwp_gw1.C_220046	0.2898895714866041	5.124999652876899	0.3398895714866041	0.0004421256690558845	4.0	198552
estExt_gwp_gw1.C_550163	0.32988856120434235	4.012161778065592	0.3698885612043423	5.375333873879179e-06	7.0	198552
ets-7	0.3119396376432762	0.5751027448460597	0.3219396376432762	0.012959927687221854	10.0	198552
eve	0.3270233799613516	7.141410754471939	0.3870233799613516	0.0007656181926265573	7.0	198552
ewg	0.1914697920738815	15.803855852000769	0.24146979207388153	0.09395696811640021	10.0	198552
exd	0.3419142625308169	3.6635300742252013	0.3819142625308169	0.00028509215569929496	7.0	198552
exex	0.2897808902858908	8.814925337262824	0.3497808902858908	0.03968201633964367	7.0	198552
fd59A	0.24022328351327105	21.760573213853824	0.35022328351327103	0.0177870737045104	10.0	198552
fkh	0.24855501457793394	18.697732253876726	0.3385550145779339	0.00796213675981715	11.0	198552
fkh-2	0.30876135799975035	10.81256170770168	0.38876135799975037	0.00557421876047067	7.0	198552
fkh-3	0.3432266440155653	2.463432682150868	0.37322664401556527	0.004975064811430327	8.0	198552
fkh-9	0.2989756694534298	13.165443775654843	0.38897566945342976	6.377502975325961e-05	8.0	198552
fos-1	0.28069252831172126	14.208278373282878	0.35069252831172126	0.04113143779273277	7.0	198552
foxo	0.3101102755588023	7.563501905962599	0.37011027555880227	0.010614334715319154	9.0	198552
fru	0.33851272501996904	5.20926462640546	0.38851272501996903	0.007940142469292755	8.0	198552
ftz	0.29805750118694946	8.670119294631297	0.36805750118694947	0.024546005274212246	7.0	198552
ftz-f1	0.3563690526092386	0.10998583069073023	0.36636905260923863	0.04119395438106341	8.0	198552
gcm	0.3420222477154896	2.686093340522695	0.37202224771548964	0.03600826828624712	7.0	198552
gcm2	0.33029919126982765	5.018757874685155	0.38029919126982764	0.004293170903065879	8.0	198552
grh	0.2900448589450416	3.107024084294181	0.32004485894504164	0.011751064294688172	10.0	198552
grn	0.38562756572726425	0.4753608198864505	0.40562756572726427	0.050491545916514224	7.0	198552
gsb	0.21981403974550387	15.511590428659227	0.2898140397455039	0.020415705046742626	10.0	198552
gt	0.17176996430048297	20.71258976553654	0.251769964300483	0.07262427614774579	10.0	198552
hb	0.2914729580215996	7.262694758894318	0.3414729580215996	0.026433513309901815	10.0	198552
hif-1	0.29487914701056905	1.1055854900261202	0.31487914701056907	0.04026937408603765	9.0	198552
hkb	0.2918021958820747	6.888405568476035	0.34180219588207467	0.021061169024938136	9.0	198552
hlh-1	0.267439149720513	6.280002556560827	0.307439149720513	0.03513890824940548	10.0	198552
hlh-30	0.27437025668560283	4.368950387604632	0.3043702566856028	0.09429143621504822	8.0	198552
hng1	0.22181802592013175	3.8483672423873547	0.24181802592013174	0.0899762193225816	12.0	198552
hr3	0.332137299763078	1.6888758866868256	0.352137299763078	0.041663154662522836	8.0	198552
hsf-1	0.28895668482729636	4.218741251925713	0.32895668482729634	0.00922653242029457	8.0	198552
hth	0.38487358046869136	9.703948729205763e-05	0.38487358046869136	9.703948729205763e-05	6.0	198552
ind	0.2979721348965624	5.034049601673597	0.33797213489656236	0.05646320138841536	7.0	198552
insv	0.2120538972096959	7.62311271094846	0.2420538972096959	0.11651782275630997	12.0	198552
inv	0.1529508901755926	29.406253155238748	0.3429508901755926	0.07255473468124404	8.0	198552
jun-1	0.34065480250546487	1.265102072326136	0.3606548025054649	0.005728053725698463	8.0	198552
kay	0.2705496840339982	6.305359920506788	0.3105496840339982	0.00016237334354999422	11.0	198552
ken	0.3591322476184842	0.9533025683302173	0.37913224761848424	0.004636820051087042	9.0	198552
klf-3	0.3134000080284328	11.967174163879546	0.4034000080284328	0.021465225468219034	6.0	198552
klu	0.27778602127378355	3.321724628867276	0.3077860212737835	0.008666264158146272	11.0	198552
klu-1	0.2325936139934472	23.812931980952325	0.3525936139934472	0.030469288816324956	7.0	198552
klu-2	0.28695491054856587	15.614602102035997	0.3869549105485659	0.024404827784730083	7.0	198552
kn	0.2052334125237244	14.752093586395198	0.2652334125237244	0.002538758165514552	10.0	198552
kni	0.31745771234192677	1.0353568134930833	0.3374577123419268	0.0457664269952427	11.0	198552
knrl	0.30046680457743247	1.2077873652508777	0.3204668045774325	0.02550439974618722	11.0	198552
lab	0.25667992105398224	18.60960334147831	0.3566799210539823	0.0015633500849895339	7.0	198552
large-Maf	0.4024258391649736	0.523586963361575	0.4224258391649736	0.010335115474793675	6.0	198552
lbe	0.2042754667234006	32.72560148522564	0.40427546672340064	0.004606526875189838	6.0	198552
lbl	0.2536827692868669	18.964927191873755	0.3636827692868669	0.032540481351746565	6.0	198552
let-381	0.3160178242651969	5.69874027232255	0.3660178242651969	0.017924642960443223	8.0	198552
lim-4	0.2502298311320387	16.649829498292185	0.34022983113203875	0.0025256027287565075	7.0	198552
lin-14	0.42656177553413155	0.25210858881922094	0.43656177553413156	0.015508817867581636	6.0	198552
lin-31	0.3287426566970281	8.422483422663763	0.39874265669702813	0.002836737664873619	8.0	198552
lin-32	0.3319880284915656	4.136843173388258	0.3719880284915656	0.042487132824112955	8.0	198552
lin-48	0.35629492331204493	0.02089576465412089	0.35629492331204493	0.02089576465412089	7.0	198552
lin-54	0.1894552422984078	23.906259040234936	0.2694552422984078	0.05620446716791756	13.0	198552
lmd	0.17510898502833228	26.393482338025112	0.27510898502833225	0.00017482868078703257	12.0	198552
lms	0.17963652395032656	26.75130976779664	0.34963652395032657	0.01524092368306011	7.0	198552
lsl-1	0.29059031857226675	2.5309351272281035	0.31059031857226677	0.07574586528419844	11.0	198552
lsy-2	0.3254015964903969	1.818015269516329	0.3454015964903969	0.07306162137300264	8.0	198552
luna	0.2306859457507211	19.933787966544735	0.32068594575072107	0.005212437405268006	9.0	198552
lz	0.3218742456944236	3.798302375762514	0.36187424569442356	0.01593099205016986	9.0	198552
mab-3	0.30860169354634376	0.7173619797437029	0.31860169354634377	0.019090824946221704	13.0	198552
mab-5	0.13171640140623903	29.872026988401363	0.35171640140623905	0.003440327117600221	8.0	198552
mdl-1	0.2888790781656368	3.0308431491519245	0.31887907816563676	0.05152057078158875	6.0	198552
mef-2	0.2970877728893388	13.378572072062177	0.3870877728893388	0.021428526708586342	7.0	198552
mid	0.3178944619931399	5.412007209103795	0.3678944619931399	0.003203617805659077	8.0	198552
mirr	0.4693830179881892	0.9317492138390481	0.4993830179881892	0.0001575491430745536	5.0	198552
mls-2	0.20493487522000586	22.664637791948667	0.30493487522000584	0.0011721357491382878	8.0	198552
msn-1	0.2986266543797377	5.38273066928191	0.34862665437973767	0.05301875971349315	7.0	198552
mxl-1	0.24964137649153995	4.992229362604504	0.27964137649154	0.08238265442859045	8.0	198552
mxl-3	0.25444531106172597	5.914117581290522	0.29444531106172595	0.0003789711825146138	8.0	198552
myb.Ph3	0.284072831371239	12.335735909596622	0.364072831371239	1.932446183633613e-05	9.0	198552
nau	0.294750453618386	4.300927577757953	0.33475045361838596	5.147475506164974e-06	6.0	198552
nfi-1	0.14271515126276038	20.377375769643375	0.1927151512627604	0.07751113761652237	15.0	198552
nfya-1	0.3195540629600447	0.3375597759336667	0.3295540629600447	0.0010681228646419068	10.0	198552
nhr-142	0.33285971140443843	3.3813640389924413	0.3728597114044384	0.016748633312892548	8.0	198552
nhr-25	0.3459454463315462	0.7243422569668978	0.36594544633154624	0.043632038788443316	8.0	198552
nhr-33	0.2888265215660131	4.519270825207408	0.3188265215660131	0.04658250014278499	13.0	198552
nhr-5	0.3411797663386637	2.39325491075291	0.3711797663386637	0.0008846840336694402	9.0	198552
nhr-6	0.3535678413568528	0.00066672536866004	0.3535678413568528	0.00066672536866004	8.0	198552
nhr-70	0.32247257060023454	1.9679603007436812	0.3524725706002345	0.06219524146917549	9.0	198552
nhr-86	0.3539635100566594	0.1296144427584803	0.3639635100566594	0.04752081286792917	8.0	198552
nit-4	0.21958497732254023	21.68691794277082	0.3195849773225402	0.006341212104739631	7.0	198552
nsy-7	0.39098089183752893	1.5780563552488374	0.42098089183752896	2.586267275454293e-07	6.0	198552
nub	0.2865617876076531	10.020378798537914	0.3465617876076531	0.033342216306322905	11.0	198552
nuc-1	0.305368818794537	2.3827557911483135	0.33536881879453695	0.0009767396744166802	7.0	198552
oc	0.38214096050645274	0.0001561047085114019	0.38214096050645274	0.0001561047085114019	6.0	198552
odd	0.3011688049486327	0.016355385041072194	0.3011688049486327	0.016355385041072194	11.0	198552
odd-2	0.33716046643347125	0.9197180627354598	0.35716046643347127	0.00608642928037987	8.0	198552
odr-7	0.37546383226829505	1.387972691097126	0.4054638322682951	0.02525540393020741	7.0	198552
onecut	0.35230532683918153	3.6397798593354165	0.3923053268391815	0.033491762240397	7.0	198552
opa	0.21992450671327932	15.182645669543058	0.2799245067132793	0.0006087048092218725	12.0	198552
org-1	0.31595768172916694	13.19236041115912	0.4059576817291669	0.0011672103929462497	8.0	198552
otp	0.27591425575001444	13.771231957000444	0.35591425575001445	0.008729614473507641	7.0	198552
ovo	0.3882768593064137	0.6898322324322365	0.4082768593064137	0.006371910731704126	8.0	198552
pag-3	0.4103714472267574	3.3601555103939797	0.4603714472267574	0.012064509550606497	5.0	198552
pal-1	0.287368845251017	9.371282075684755	0.347368845251017	0.0003569581659146632	8.0	198552
pan	0.29348308111849525	1.18753374001144	0.31348308111849527	0.12769642249092364	14.0	198552
pax-2	0.30247655054284084	10.993562328904973	0.38247655054284085	0.029197952103275835	8.0	198552
pb	0.24599623466311746	17.4921210086855	0.33599623466311745	0.06620121294009075	7.0	198552
pdm3	0.2711735119917791	10.055714326867614	0.3311735119917791	0.004383933052350153	8.0	198552
pha-4	0.2715831578055184	12.536591271820331	0.3415831578055184	0.015942615102385857	10.0	198552
pho	0.3590741599978545	0.35104994623885527	0.36907415999785453	0.0056493073637550704	7.0	198552
phol	0.32209892635243104	0.12836849396575578	0.33209892635243105	0.06664103043723274	10.0	198552
pita	0.25237859242411415	2.5865131653344746	0.27237859242411416	0.0013489412904984194	18.0	198552
pnr	0.30483966475348817	2.6877812790890414	0.33483966475348814	0.0022849212854087536	9.0	198552
pnt	0.3309412402714142	0.8911665623828239	0.3509412402714142	0.028311560999612715	9.0	198552
pqm-1	0.3227975249755686	3.816294842933427	0.36279752497556855	0.009944790372671534	8.0	198552
prd	0.3882768593064137	0.6898322324322365	0.4082768593064137	0.006371910731704126	8.0	198552
repo	0.18271576923904578	29.568621431429108	0.3527157692390458	0.00010567253534912447	7.0	198552
rib	0.319053840586788	2.9667142620076254	0.349053840586788	0.0007664079889617106	9.0	198552
ro	0.26314688251324836	13.541954389209955	0.3431468825132484	0.0027628836992234264	7.0	198552
rst2	0.28366810798277436	15.215863826496292	0.3836681079827744	0.0005957776154757233	6.0	198552
run	0.35383647314462546	0.6986167593838599	0.3738364731446255	0.05472978798153312	8.0	198552
sage	0.3126478043351016	1.264704324482546	0.3326478043351016	0.008133380676002907	11.0	198552
sc	0.274732825610935	4.619505092441755	0.31473282561093496	0.061315245392590936	10.0	198552
schlank	0.3495586911175327	0.8943878095243212	0.3695586911175327	0.0008410167706820243	7.0	198552
scrt	0.3058178188998197	0.4804958552961046	0.3158178188998197	0.0002996567706089728	11.0	198552
sd	0.28303162546058547	13.7716284953344	0.3630316254605855	0.0005549061698068134	11.0	198552
sens	0.31480873033069895	3.3377667573125542	0.3448087303306989	0.007708819770239756	10.0	198552
sex-1	0.34502355099678655	0.24018013645344716	0.35502355099678656	0.0007766078454132818	8.0	198552
skn-1	0.3078533520210539	5.110636648171547	0.3478533520210539	0.0047594130183443205	14.0	198552
slbo	0.3633096756421006	2.867115685306359	0.4033096756421006	0.030000530483573783	8.0	198552
slou	0.17948380365250802	29.66944125729267	0.339483803652508	0.0016379011878824951	7.0	198552
slp1	0.2798105317836887	14.10067415084414	0.3598105317836887	0.0007595941114575519	10.0	198552
slp2	0.3256415238798966	7.164947910986481	0.3856415238798966	0.0041786911118045595	8.0	198552
sma-4	0.3918140194139796	0.4817008295955936	0.4118140194139796	0.03425409878880568	7.0	198552
small-Maf	0.40326757769919436	0.3197917633354166	0.41326757769919437	0.021890557035649363	6.0	198552
sna	0.33429003499690896	1.1138717021244406	0.354290034996909	0.004185062416505098	9.0	198552
snai-1	0.3127740500322343	12.839233498246562	0.3727740500322343	0.013067621337165863	7.0	198552
snpc-4	0.24549593533475045	5.96329750108209	0.2754959353347505	0.10629273058297856	12.0	198552
so	0.39712599056534365	0.4823188353097767	0.41712599056534366	0.02326323191081392	6.0	198552
sox-3	0.3074680088409358	6.0687741959823125	0.35746800884093577	0.0014914817080417817	10.0	198552
sptf-3	0.2819196754187181	11.502416164763208	0.3519196754187181	0.0441041957540906	7.0	198552
squamosa	0.2659512795325142	10.812195626364343	0.3159512795325142	0.10235644352588359	13.0	198552
srp	0.3563633783481944	0.8214613257950675	0.37636337834819444	0.02652359883729791	8.0	198552
ss	0.32268651480711713	1.2646764271384432	0.34268651480711715	0.00040453220958471675	8.0	198552
sta-1	0.28213354563157456	3.754937567908459	0.3121335456315746	0.011011853758784867	9.0	198552
sug	0.22547464649673268	13.544276810441495	0.2854746464967327	0.0018518411115465492	12.0	198552
sv	0.22446074682682918	4.827939900537085	0.2544607468268292	0.13823227716151434	16.0	198552
svp	0.35056271287109014	0.7414731566326921	0.37056271287109016	0.01103856902685504	7.0	198552
tbx-37	0.330017913888049	1.513197870673462	0.35001791388804904	0.0024119144654540683	12.0	198552
tbx-38	0.3399841237575057	2.104281914503906	0.36998412375750567	0.027266048896555525	12.0	198552
tin	0.3220612334587036	1.4501528586698462	0.3420612334587036	0.0016360157009810774	9.0	198552
tj	0.33209189513565285	0.9556350354278458	0.35209189513565287	0.020875390223905596	10.0	198552
tll	0.333265088723657	0.7911490343075446	0.35326508872365703	0.055667363010352855	10.0	198552
toy	0.2294330614224824	2.2320514843005594	0.2494330614224824	0.13646969202903467	18.0	198552
ttk	0.3560656952539113	0.44844869490514294	0.3660656952539113	0.024596942341354844	9.0	198552
tup	0.29908948353151377	13.214474100776068	0.38908948353151374	0.008562034729656543	7.0	198552
twi	0.3326101048089906	2.9110325016754177	0.3726101048089906	0.041283809064836786	7.0	198552
tx	0.3005806677122243	3.79613889619418	0.3405806677122243	2.7071753732923673e-05	6.0	198552
unc-30	0.36179457505048235	3.2954414043477556	0.4017945750504823	0.02702922220716503	6.0	198552
unc-4	0.23829682920561618	21.82994406949017	0.3582968292056162	0.035715349339183106	7.0	198552
unc-62	0.3943831853183733	1.4763775994353858	0.42438318531837327	0.030723948825038143	8.0	198552
unc-86	0.3081032708639587	5.9008679378458115	0.3581032708639587	0.0032117684750128813	8.0	198552
unpg	0.27241756741710443	13.195389009802778	0.35241756741710445	0.005428031784124794	7.0	198552
usp	0.2956114348251315	5.310566373184997	0.3356114348251315	0.008309282974821698	9.0	198552
vab-7	0.2672412698549934	7.060250253692921	0.3172412698549934	0.006462875720480323	8.0	198552
vfl	0.3752662570483884	0.3810045403226378	0.3852662570483884	0.020792242177402297	7.0	198552
vis	0.3292707864321206	25.851800975873452	0.4492707864321206	0.00511139436933884	5.0	198552
vnd	0.330585898418317	2.634827566782078	0.360585898418317	0.0021589902741925354	9.0	198552
vri	0.24945225824013784	5.93888901409559	0.2894522582401378	0.004045058083249936	11.0	198552
vvl	0.3707368316881973	3.7490740776896585	0.4107368316881973	0.04397778491001169	6.0	198552
wc-1	0.30820032761429816	1.351514872265296	0.3282003276142982	3.5688758512946887e-07	7.0	198552
wor	0.36120381235664406	5.729159170032366	0.41120381235664405	0.0019041131263825145	7.0	198552
xbp-1	0.38821796864148883	1.4775296321036868	0.41821796864148886	0.0015156445621737535	7.0	198552
z	0.3571889112408124	1.2828040387753759	0.37718891124081244	0.020763666857778803	7.0	198552
zen	0.29086087372622116	10.617245652005941	0.36086087372622117	0.0002150018146487725	7.0	198552
zen2	0.31782398548211976	6.429206575834213	0.37782398548211976	0.002177736270210905	6.0	198552
zfh-2	0.1366753546581914	33.063452493323496	0.3266753546581914	0.046403079000322194	8.0	198552
zip-8	0.31046334606879117	0.8622920577497921	0.3304633460687912	0.07968189208064086	9.0	198552
znf143	0.24729656955617585	5.143450470977225	0.2772965695561759	0.030116986921691513	19.0	198552
ztf-6	0.2759531953307797	16.596031482129476	0.36595319533077975	0.04368441268840278	9.0	198552
